well_i,avg_hz_spacing_ft,avg_vt_spacing_ft,neighbors_considered,adjacency_coverage_i_pct,avg_hz_spacing_ft_unw,avg_vt_spacing_ft_unw
30025410040100,933.5077229485545,23.61250000000109,1,1.0,933.5077229485545,23.61250000000109
30025421210000,1427.4125682133683,36.23771955408571,2,1.0,1431.0146423652557,36.352499999999964
30025426220000,1727.7937043969716,47.65076787604529,2,1.0,1749.4383823762357,48.404749999999694
30025428730000,1754.494781212119,46.660500000000866,1,0.9974612123937482,1754.494781212119,46.660500000000866
30025435920100,,,0,,,
30025437350100,2569.2835861257736,39.0600000000013,1,0.9673079610455759,2569.2835861257736,39.06000000000131
30025437530100,1498.8643988433507,54.72334679192489,3,1.0,1502.6409237425898,54.55516666666639
30025437540100,2033.6417553876704,37.774999999999636,1,0.9683106177931456,2033.6417553876704,37.774999999999636
30025440380100,2502.2894431087657,50.97706759011743,2,1.0,2480.121590031861,54.91250000000082
30025449160000,1240.8755030361606,37.399168669050574,2,1.0,1265.1689895187046,40.54750000000013
30025451290000,2191.5275635808266,44.72699999999895,1,0.5379187806187933,2191.5275635808266,44.72699999999895
30025453730000,2103.2399084749295,37.05335025710983,2,1.0,2103.2634771197772,37.0300000000002
30025453890000,2078.01876018914,62.01500000000032,1,0.9909451010483551,2078.01876018914,62.01500000000033
30025455300000,1880.6256911112766,14.874707222212997,3,1.0,1883.5477086400117,14.429999999999685
30025456190000,2003.3230753448236,35.69165168824577,2,1.0,2003.1644861847421,35.680749999999534
30025459330000,1905.4485236295911,51.48000000000047,1,1.0,1905.4485236295911,51.48000000000047
30025463300000,1866.9962349858429,33.01242642001618,3,1.0,1924.6833432462456,37.101666666667064
30025464820000,1434.7793240913159,34.54133604139382,2,1.0,1429.328320235325,34.567999999999756
30025468380000,1538.5061147754388,10.013507038917487,4,1.0,1572.2340043141012,14.859000000000606
30025474750100,1760.0362754020296,4.282221340671588,3,1.0,1758.9489364995407,4.28833333333326
30025487440000,1925.9348070483345,18.856330728293752,4,1.0,1907.7299996843824,18.611499999999296
30025489820000,1386.4243310774527,17.960460070388212,4,1.0,1521.9986024507116,17.885375000000295
30025494170000,1548.9446270118665,11.47780141165525,4,1.0,1637.5296435387418,10.53712500000006
30025494180000,1308.2870562554901,17.099459406416095,3,1.0,1308.286282256185,17.099500000000564
30025494190000,1991.877792373333,71.95206015080073,2,1.0,1995.5842568272355,72.01249999999982
30025494800000,1031.8292621064274,8.384499999999207,1,0.9886273898724134,1031.8292621064274,8.384499999999207
30025494810100,,,0,,,
30025497080000,1691.7814086723415,12.476860311717958,3,1.0,1698.5204486879722,12.49383333333329
30025497750000,2585.693269479209,46.0644999999995,1,0.9868078223662434,2585.693269479209,46.0644999999995
30025503690000,1432.5269982693521,14.429562747887632,2,1.0,1416.536053389097,14.72375000000011
30025507270000,1289.4411759917932,30.153464556103373,3,1.0,1316.1198898365599,29.679000000000087
30025507280000,1201.7066619865122,28.556160020007624,3,1.0,1317.7751712357378,27.922333333333274
30025507540000,2566.6638023267337,15.835500000000138,1,0.9929613534326658,2566.6638023267337,15.835500000000138
30025507790000,1323.7896405091903,9.374843083297574,4,1.0,1317.2126299485838,8.631874999999809
30025507800000,1147.4548003587765,7.550813245890508,3,1.0,1154.246246528704,7.650833333333139
30025508220000,2503.8371601293143,13.404999999999747,1,0.6676864465136295,2503.8371601293143,13.404999999999745
30025510030000,2504.0084885662272,13.404999999999745,1,0.998334664118921,2504.0084885662272,13.404999999999745
30025511130000,1437.7860883394967,16.539531320218614,4,1.0,1458.4701662566556,16.32912500000043
30025511140000,1590.8599306357391,32.64413896698776,3,1.0,1628.5743478047145,33.0638333333333
30025513840000,,,0,,,
30025516390000,886.6137191443271,5.8602567260184495,2,1.0,886.493078199622,5.865250000000287
30025516420000,1544.1866788036216,19.14698339722487,3,1.0,1564.2340324940672,20.868500000000193
30025517710000,1398.5445711541192,17.70176855272671,2,1.0,1395.7507788890728,17.744000000000142
42003002890200,,,0,,,
42003029150100,1035.2118276478705,18.68094158799141,2,1.0,1033.9645265916236,18.6825000000008
42003029190100,655.1279714844203,9.108052092559818,2,1.0,665.275310612605,9.8100000000004
42003029190200,876.8888857501677,8.79693003467074,2,1.0,906.8776417313437,9.4975000000004
42003029720300,,,0,,,
42003034550100,,,0,,,
42003034730100,,,0,,,
42003051650100,,,0,,,
42003064470100,2532.0560349587663,18.109999999999673,1,0.9424662576237933,2532.0560349587663,18.109999999999673
42003369460000,,,0,,,
42003377470100,2532.084893150014,18.109999999999673,1,0.8137450130250661,2532.084893150014,18.109999999999673
42003385010200,,,0,,,
42003385790000,,,0,,,
42003385890300,,,0,,,
42003391530300,,,0,,,
42003393990000,,,0,,,
42003395400000,,,0,,,
42003408300000,1960.2186619026597,201.19609624326108,3,1.0,1958.5527276513237,204.45000000000013
42003412620000,1296.2965104464818,14.579449701110356,2,1.0,1299.6415737134512,13.599999999999454
42003413300100,1881.0612438845383,43.02635735954811,5,1.0,1883.424648544435,42.942000000000554
42003413310000,1686.864607928364,12.739828690643824,2,1.0,1775.8565853411114,13.462500000000546
42003416050000,1849.312462092078,17.75975870344293,2,1.0,1937.1593125701306,17.32250000000022
42003416510100,,,0,,,
42003417200000,,,0,,,
42003418440000,396.3829508662956,186.64386421826995,2,1.0,740.7086175193808,131.01750000000084
42003419010000,1737.5648282294023,62.524399584999685,2,0.8740083698877378,1596.137467164116,50.61750000000029
42003425200000,1909.6163277050282,56.72679892744145,4,1.0,1905.7627251230433,58.082499999999754
42003425500000,1381.4299628269039,32.23885585146415,4,1.0,1428.1533863919994,35.60875000000033
42003427170000,1719.0229063776524,14.288188249120475,3,1.0,1657.5224775121105,15.308333333334303
42003427270000,1755.0994250204728,74.92596772665286,3,1.0,1755.3727065918195,74.60666666666687
42003428760000,1517.9911884210946,39.497396854589766,4,1.0,1467.7893927165997,37.38500000000067
42003429530000,1596.036112878402,39.50949266841093,3,1.0,1603.1032410567987,39.76500000000002
42003429970000,1621.114357743018,47.088198513314275,4,1.0,1653.183921447916,50.208000000000084
42003430790000,1612.2060333425618,56.04891132632622,4,1.0,1616.0780012916102,55.92249999999967
42003431700100,2334.299803419806,102.79999999999927,1,0.9999999999999998,2334.299803419806,102.79999999999927
42003432630000,1491.6532374603673,61.37068124113971,5,1.0,1484.2031327135442,61.03299999999981
42003434610100,,,0,,,
42003434710000,,,0,,,
42003434750000,2052.940312626874,89.07999999999993,1,0.6296801299086332,2052.940312626874,89.07999999999993
42003437630000,1974.7873524792994,10.398352179116,2,1.0,1959.2334531055274,10.30749999999989
42003438450000,1494.5157250069353,118.97961632597217,3,1.0,1498.8610809477284,119.60499999999986
42003438800000,1368.095337309349,26.837999999999738,1,0.979192655722091,1368.095337309349,26.837999999999738
42003439010000,369.57525207895713,239.81680225696135,2,1.0,715.9550499715787,235.23750000000064
42003439180100,2136.776807783732,37.81500000000051,1,0.9309891293398183,2136.776807783732,37.81500000000051
42003439510100,,,0,,,
42003440220100,,,0,,,
42003440470000,1636.9355954804334,95.98184429637934,5,1.0,1642.1946555488398,94.10499999999938
42003440480000,1621.8330750062637,39.07749999999987,2,1.0,1621.8330750062637,39.07749999999987
42003441040000,1648.9559033425246,73.48182280012179,3,1.0,1671.0267265607097,77.373333333333
42003441220000,973.374778716375,3797.530000000001,4,1.0,973.374778716375,3797.5300000000007
42003442240000,1754.4142253220355,174.61533511242015,4,1.0,1792.507404163468,174.8549999999998
42003442270000,1609.7489316158515,40.06331811154825,3,1.0,1602.9617973611691,39.76500000000002
42003442780000,1819.0340442942695,7.387500000000274,2,1.0,1819.0340442942697,7.387500000000273
42003443470000,1236.186122053853,46.873118951407726,2,1.0,1238.7694791884792,47.659999999999854
42003443480000,1251.5131804179337,39.1288870686543,2,1.0,1253.3665924019806,39.33249999999998
42003443630000,1350.5947656873727,156.1341958054088,4,1.0,1240.1280975376044,143.63750000000005
42003443637000,4.310990759514963,3.4350000000004,1,1.0,4.310990759514963,3.4350000000004
42003443950000,1754.231056715117,24.89669131512371,4,1.0,1752.7030150846729,24.940000000000055
42003444430000,,,0,,,
42003444620000,1130.568705900181,42.45563879538607,3,1.0,1130.0353570689929,42.41833333333307
42003445740000,1364.252068857357,2796.6515695931757,4,1.0,1404.1683784586671,2627.4257500000003
42003446000000,658.0913263781584,3244.9849999999997,1,0.9791000414765192,658.0913263781584,3244.9849999999997
42003446470000,1568.7665745582947,51.78600551029798,4,1.0,1569.234753918847,51.76249999999936
42003446670000,1911.8334818333328,60.61397550005497,4,1.0,1914.514702963946,60.24124999999958
42003447060000,487.99647359944464,46.589999999999236,1,1.0,487.9964735994446,46.589999999999236
42003447360000,1677.3851023038414,3403.4968447433102,2,1.0,1540.1886717779307,3406.410749999999
42003447880100,2136.7504442209597,37.81500000000051,1,0.9486968657080922,2136.7504442209597,37.81500000000051
42003448410000,1813.6088470799846,24.696778253247647,2,1.0,1835.0382275455731,24.534999999999854
42003448570000,,,0,,,
42003448600000,1492.3348366409034,221.13716126871276,5,1.0,1486.2505188819534,229.07999999999993
42003448730000,1841.6730873226213,138.53528693397033,5,1.0,1841.604204625694,138.55000000000092
42003449260000,1306.8965428250585,3031.670922874515,6,1.0,1330.8402112325546,3043.8824166666673
42003449560000,1279.6108465779655,2584.4449999999997,1,0.7087233942638533,1279.6108465779655,2584.4449999999997
42003449840000,1593.3076334764364,201.5394696987656,7,1.0,1702.7947878587288,173.51928571428576
42003449850000,1252.421275365854,360.1403346175545,7,1.0,1418.1080242890737,386.4435714285714
42003449860000,1454.8095673658688,352.56573253571895,9,1.0,1410.6668338364486,379.7033333333333
42003449870000,1275.0990191581886,221.55400404507284,6,1.0,1254.5034844087559,193.3966666666664
42003449880000,1333.1003159378702,270.89369765607705,7,1.0,1429.827327744426,242.9142857142858
42003450160100,1708.4548687816998,24.38499999999931,1,0.9782907967763983,1708.4548687816998,24.38499999999931
42003451570000,1254.3277566076147,9.454727100841932,3,1.0,1273.192611000556,9.098333333333358
42003451900000,1439.26461247843,101.3716345663431,4,1.0,1439.3606179984536,100.20500000000015
42003451980000,1780.1014097784475,25.805337166589567,3,1.0,1799.3942068171402,26.266666666666424
42003452010000,1937.2277583588234,32.448119744653695,5,1.0,1931.3590207679354,46.32199999999993
42003452020000,1347.3719055646573,240.38119763494754,4,1.0,1338.379876370518,239.55249999999955
42003452050000,933.3830810134215,187.68026058930195,5,1.0,938.0839449855036,185.51399999999975
42003453280000,1890.7121740423136,239.3416093954679,3,1.0,1892.2759503147618,244.90833333333376
42003453310000,67.14512500807146,28.98999999999978,1,0.6822542210685271,67.14512500807146,28.98999999999978
42003453310100,67.2395265951433,28.98999999999978,1,0.9786543622709597,67.2395265951433,28.98999999999978
42003453310200,1375.1824616840065,273.5109698943631,9,1.0,1214.9122441951747,245.02777777777777
42003453320100,1524.2306834006458,288.7481283020062,6,1.0,1528.2795898646775,291.190833333334
42003453330000,1793.0998715561027,317.0735109649539,7,1.0,1790.4092686771794,317.74785714285764
42003453830000,1329.5347522420857,242.62430028030894,8,1.0,1335.6224918160053,220.36812499999996
42003455170000,1583.5467782882192,992.5939307617839,2,1.0,1519.766666831177,1326.4775
42003455200100,,,0,,,
42003455230000,,,0,,,
42003455260000,1441.3832726905741,250.84239432777227,5,1.0,1428.1463541595215,227.88200000000015
42003455270000,1121.9860350143297,243.6029970158178,5,1.0,1229.2247654540442,225.37800000000044
42003455340000,1361.6202332356,23.11172682639279,2,1.0,1361.5804472720306,23.08949999999959
42003455350000,1495.5301491114167,78.91184468406462,5,1.0,1489.8578562401667,78.77099999999992
42003455530000,1708.4675492938272,24.38499999999931,1,0.9807742038231436,1708.4675492938272,24.38499999999931
42003455560000,1493.4034572195487,44.70099529092501,3,1.0,1517.4788726521554,42.90666666666706
42003455670000,1432.3267963772048,19.659272664301543,4,1.0,1425.4390357100572,20.370000000000346
42003455740000,,,0,,,
42003455960000,1673.4826837727924,15.385200162652238,3,1.0,1693.3124771617495,15.388333333333321
42003456210000,1695.5520488169427,15.34015055129781,3,1.0,1693.7685309879182,15.388333333333321
42003456220000,2631.7095787026783,29.9399999999996,1,0.9655059747259497,2631.7095787026783,29.9399999999996
42003456230000,2631.670370405174,29.9399999999996,1,0.9677315594137527,2631.670370405174,29.9399999999996
42003456290000,1408.5744745929535,24.935822044542608,5,1.0,1473.2074542698797,28.790999999999805
42003456297000,1154.8930039552229,33.14539685582887,4,1.0,1197.7696422720805,37.011249999999336
42003456300000,1915.8093604368173,688.4712429507669,5,1.0,1898.8134588617959,670.266
42003456310000,1683.0098175319065,814.7553072432847,8,1.0,1701.6399428237523,806.6149999999998
42003456320000,1048.1878210756317,18.27483503566017,3,1.0,1047.801810121984,18.458333333333638
42003456440000,1766.7405662158308,87.32012339995433,2,1.0,1993.0395079993646,104.76500000000033
42003456720000,1142.6360639900613,27.39650754665891,3,1.0,1142.3538068039018,27.38833333333332
42003456940000,1518.1105927867459,38.94765893058256,3,1.0,1518.0767549133564,38.94666666666641
42003457050000,1382.156914728646,50.76483050602674,2,1.0,1382.310972043349,50.76250000000027
42003457180000,1818.4184405389929,185.51000000000022,1,0.8844012459378942,1818.4184405389929,185.51000000000022
42003457220000,1824.471701641225,20.582184372960757,2,1.0,1828.2134392327291,20.565000000000055
42003457390000,1212.7709704011475,386.3079497680137,8,1.0,1173.1292041157153,405.0018749999999
42003457410000,1573.3268247761482,405.4231111330237,6,1.0,1557.9708017553821,392.0739999999996
42003457560000,1199.9723008752007,22.985975726887382,3,1.0,1342.9364318964203,23.032333333333554
42003457560100,723.5140007924766,16.249711044178916,2,1.0,821.2070976257284,14.95450000000028
42003457570100,,,0,,,
42003457690000,1147.0687991309694,356.9434294942104,5,1.0,1145.2604612654495,353.31699999999944
42003457980000,1763.717379264712,17.172476325413793,4,1.0,1764.4261986279803,17.16125000000011
42003458170000,1437.405515577876,43.71629316399658,3,1.0,1442.106680413257,43.7483333333339
42003458380000,1044.927524315439,18.193181175429654,3,1.0,1048.4020192971693,18.458333333333638
42003458430000,1485.3062929912228,65.625,1,0.992559057107478,1485.3062929912228,65.625
42003458470000,1758.046657560449,39.22257787887545,5,1.0,1827.667817458454,42.850000000000364
42003458480000,1618.273166896667,40.187537213023425,3,1.0,1616.9609816731045,40.141666666666424
42003458530000,1027.3169312672794,852.4441895562095,8,1.0,1111.1896756539857,787.2987499999999
42003458550000,947.6613742582595,883.1999087806507,7,1.0,935.9181446416356,878.1935714285715
42003458560000,879.3626105627764,16.44479759654272,2,1.0,879.4821086822307,16.522500000000036
42003458590000,1251.6224136325466,454.63140526765613,7,1.0,1324.2026236108466,470.72071428571456
42003458600000,1122.4904521611172,449.57436191824047,6,1.0,1182.3368525210922,462.29333333333324
42003458620000,1489.6143412335025,62.82500000000072,1,0.9900550257332129,1489.6143412335025,62.82500000000073
42003458710100,,,0,,,
42003458880000,1453.2036279839547,35.437107855542514,3,1.0,1464.3563357007188,35.29500000000038
42003458890000,,,0,,,
42003458910000,1354.7961172314574,19.34099999999944,1,0.9814368451402252,1354.7961172314576,19.34099999999944
42003459200000,,,0,,,
42003459210000,488.0368050584657,46.58999999999924,1,0.9306292065195386,488.0368050584657,46.589999999999236
42003459290000,1591.6554250331696,29.883914426767998,4,1.0,1592.8244988669865,29.9387499999998
42003459350000,1778.319461766583,252.4074999999998,4,1.0,1778.319461766583,252.4074999999998
42003459870100,996.7043549325027,884.245925029077,8,1.0,1085.7066994314232,838.313125
42003459930000,1821.8362931607855,52.95759191956068,4,1.0,1807.9927195322864,51.57875000000013
42003460150000,1784.4084463399067,25.916825238302785,3,1.0,1797.6114191676545,26.36500000000069
42003460260000,1632.6813650385843,21.80152972882069,4,1.0,1630.0661777405385,21.85249999999951
42003460450000,,,0,,,
42003460500100,1020.15473671612,44.7599999999984,1,0.5378288667939121,1020.15473671612,44.7599999999984
42003461130000,,,0,,,
42003461500000,29.689675458448498,2.9999999999999996,1,0.9956920549965317,29.689675458448498,3.0
42003461500100,29.69343795338573,3.0,1,0.9997322327610992,29.69343795338573,3.0
42003461640000,1082.9700677543876,893.1685916764983,7,1.0,1082.0296060286835,889.0864285714287
42003461810000,1476.787517065376,76.0714567755777,4,1.0,1581.838324025969,85.85374999999999
42003461880000,1127.4489144170686,226.7008873959053,4,1.0,1128.0079294825746,226.67375000000015
42003462130000,677.0168671647242,375.4872089793396,2,1.0,705.3901978256639,359.3949999999995
42003462250000,1649.4197374346882,22.25564924160484,2,1.0,1639.85450919926,22.24499999999989
42003462290000,1528.3125508234916,1013.0630518162017,6,1.0,1526.4596115302927,1016.5616666666668
42003462570000,1640.5455301549005,33.15893199398968,4,1.0,1643.7375894695615,33.20049999999992
42003462760000,1384.9927840191954,31.850661806450198,2,1.0,1384.7614109887268,31.859999999999673
42003463110000,1548.9180892150844,32.6538839100814,4,1.0,1548.843940535282,32.769999999999754
42003463120000,1318.904681681379,17.23660611566261,4,1.0,1371.4906671413871,17.05000000000041
42003463140000,1637.4094759075952,22.485855463268305,5,1.0,1637.3822348173867,22.484999999999854
42003463250000,1243.0859734776418,18.20924147706577,4,1.0,1324.8100863110092,21.52749999999969
42003463260000,1091.2648988556944,83.79953366684936,2,1.0,1051.8171899448496,101.98999999999978
42003463600000,1365.7418133334206,33.173913998642085,4,1.0,1367.1465948103257,33.102499999999736
42003463690000,1312.798412752,334.9762770008089,7,1.0,1360.0690748353486,312.4407142857144
42003463700000,,,0,,,
42003463710000,1455.9073292712192,312.3937737132324,2,1.0,1463.51707452881,310.00000000000045
42003463720000,1155.4558664018955,567.9029546553963,2,1.0,1168.7990914857678,567.5000000000009
42003463800000,1572.6383901751,505.5623565939735,10,1.0,1622.099911427816,472.3724499999997
42003463810000,,,0,,,
42003464070000,2629.3293231091607,2507.1050000000005,1,0.3166984651691089,2629.3293231091607,2507.1050000000005
42003464470000,2103.5070225222507,63.92000000000007,1,0.9853797949404934,2103.5070225222507,63.92000000000007
42003464480000,1550.6099346405604,4.7150000000001455,1,0.4926785699403941,1550.6099346405606,4.7150000000001455
42003464730000,1285.4361850665762,337.9046669783827,5,1.0,1300.5896142639233,330.9770000000002
42003464740000,1152.5088945829584,441.0457343640743,5,1.0,1208.9333619049355,454.73400000000095
42003465070000,1920.379487911194,27.6522577511538,3,1.0,1921.738442091284,27.53166666666675
42003465120000,1735.3097953425718,25.71193951607397,3,1.0,1733.046258402616,25.69833333333342
42003465170000,1680.1442471042471,45.28244980083707,5,1.0,1684.1623807129167,44.169999999999526
42003466190000,,,0,,,
42003466220000,2054.990614025014,48.116764203067,3,1.0,2053.850729616499,47.99333333333349
42003466250000,1614.3047724534615,23.10433405147618,3,1.0,1657.7961619831212,25.310333333332284
42003466260000,1217.0926528312903,49.839413896476785,3,1.0,1221.5346626369826,50.57666666666652
42003466270000,1704.2482422048902,19.576996905483004,4,1.0,1707.6528207527103,19.64625000000001
42003466290000,1719.3352342910912,82.03000000000065,1,0.9999999999999998,1719.3352342910912,82.03000000000065
42003466650000,1256.053476074759,438.16144149355813,5,1.0,1249.3361825301733,446.0359999999993
42003466880000,1290.999795935955,16.308492429757308,2,1.0,1292.3851387000623,16.312500000000455
42003467280000,1787.534291277427,66.98500000000058,1,0.9918373385972095,1787.534291277427,66.98500000000058
42003467350000,880.421827893397,2064.5313885309547,7,1.0,880.2050231830386,2068.753571428571
42003467480000,,,0,,,
42003467500000,1342.777508956162,19.51764757167658,4,1.0,1378.7973212741472,18.144999999999982
42003467540000,1327.346770710703,17.375,1,0.8005481129813704,1327.346770710703,17.375
42003467780000,1302.2283608397631,104.60000000000036,2,1.0,1302.2283608397631,104.60000000000036
42003468470000,1339.0631729239824,9.065685840627719,2,1.0,1339.3574480406965,9.06750000000011
42003468520000,1593.9086440590786,4.065000000000509,1,0.9784132525175957,1593.9086440590786,4.065000000000509
42003468760000,1354.354564469757,15.655000000000655,1,0.9634329914099408,1354.354564469757,15.655000000000655
42003468770000,1288.4025871714994,14.919790805987855,4,1.0,1334.803209506263,13.913749999999936
42003468780000,888.5080694941543,51.88999999999942,1,0.9419379288035546,888.5080694941543,51.88999999999942
42003468830000,,,0,,,
42003468970000,1467.8805066883044,33.80738424352004,4,1.0,1474.460694953548,33.62425000000076
42003469040200,1369.4447091699599,330.5989011414126,6,1.0,1407.53923105194,320.97083333333313
42003469130000,1487.562143459573,28.124067735348348,4,1.0,1482.8369846706037,28.092499999999745
42003469180000,1213.37641788302,50.0419276525554,3,1.0,1222.582240066742,50.57666666666652
42003469280000,1664.5499197373028,53.85006006932286,3,1.0,1664.6396801702285,53.981666666665966
42003469510000,1302.2387268611637,104.60000000000036,1,0.8687877796571022,1302.2387268611637,104.60000000000036
42003469510001,1302.2387268611637,104.60000000000036,1,0.8687877796571022,1302.2387268611637,104.60000000000036
42003469530000,1537.450667607964,36.79058808843343,4,1.0,1542.240616162729,36.92249999999967
42003469880000,10.079804909093166,488.2450000000008,1,1.0,10.079804909093166,488.2450000000008
42003469910000,1395.910661324597,25.4399999999996,1,0.9589834137809277,1395.910661324597,25.4399999999996
42003469920000,1799.3138237742864,21.820135060274097,3,1.0,1809.3094760448312,21.76000000000022
42003469930000,1589.2043056969383,26.197531671652985,4,1.0,1588.250223118125,25.81874999999991
42003469980000,1134.1530308859342,42.38000953102853,3,1.0,1128.3561115428195,42.41833333333307
42003470000000,1207.889156090108,423.57378465810245,5,1.0,1263.5188316449398,395.2279999999995
42003470010000,1929.8074853983674,176.34389158362313,5,1.0,1941.2630206584229,177.71909999999988
42003470130000,1504.0095524494948,18.50477823335917,3,1.0,1656.123086141233,18.31166666666589
42003470160100,1264.8016045045024,336.1553983554377,4,1.0,1382.0247107379878,312.52274999999963
42003470470000,1168.504671268104,265.62991905749055,2,1.0,1168.6665179331862,266.3475000000003
42003470600000,1594.0868491425542,4.065000000000509,1,0.9368666907607921,1594.0868491425545,4.065000000000509
42003470810000,,,0,,,
42003470830000,618.6442904271169,267.621611855532,2,1.0,613.529587677073,270.3225000000002
42003470850000,1528.2779003470046,11.808967609370637,2,1.0,1524.8071011448683,10.694999999999709
42003470860000,2074.6758193181295,64.26109163750046,2,1.0,2071.144851862179,64.03750000000036
42003470900000,1625.4065114990474,463.0187001334419,10,1.0,1655.912311442579,444.88355000000047
42003471090000,1509.8897501179044,34.82220187496553,2,1.0,1502.1138835349266,34.979999999998654
42003471100000,1513.0367397772343,24.752112292525123,3,1.0,1512.8492451860602,24.745000000000193
42003471160000,236.067348125504,836.4110473577068,2,0.9290346788326386,585.5422337749545,780.7595000000001
42003471170000,1152.6660833277672,416.5868852030478,5,1.0,1183.7647240168149,428.5510000000002
42003471180100,1608.8236721641433,358.47612073886785,4,1.0,1611.5584692899538,361.8848750000002
42003471260000,675.4791837452783,528.6936312110199,2,1.0,671.7966846586279,528.7200000000007
42003471770000,1147.3427999912408,24.702321232755306,3,1.0,1149.3784858456656,24.751666666666704
42003471830000,1479.1449302491633,5485.762999999999,1,0.7418213409890194,1479.1449302491633,5485.762999999999
42003471920000,1586.4227638446944,87.63785077712849,3,1.0,1656.575229352704,108.17166666666647
42003471970000,,,0,,,
42003472060000,932.5193126705002,243.05841521323367,5,1.0,938.0011650020854,244.10799999999963
42003472070000,1131.1461933920734,251.02762459105782,4,1.0,1124.4830090761764,252.1450000000002
42003472140000,1837.4742543335665,47.982705400973984,3,1.0,1864.8583149270469,46.24666666666629
42003472190000,1404.9724217751593,37.79242208434379,2,1.0,1388.1641206731729,37.82500000000073
42003472210000,1097.1047536877409,3.7049999999981083,1,0.7662680327095945,1097.1047536877409,3.7049999999981083
42003472430000,1363.3853262887178,526.8186962949537,11,1.0,1231.3507935829696,484.8477272727277
42003472490000,1536.2210699722061,35.57999999999993,1,0.9656262982192751,1536.2210699722061,35.57999999999993
42003472710000,1055.0204945277355,2125.43638030309,8,1.0,1141.3057638125365,2098.7775
42003472790000,1321.5783389833177,32.595000000001164,1,1.0,1321.5783389833177,32.595000000001164
42003472840000,1458.5505074248429,508.54308712692136,3,1.0,1472.1117731260517,507.90149999999994
42003472910000,1962.8345938947077,10.763732101407275,4,1.0,1962.3971892544946,10.763750000000073
42003472960000,10.079853649101484,488.2450000000008,1,0.9394428637987372,10.079853649101484,488.2450000000008
42003473130000,624.0144264913118,525.8237488134494,3,1.0,638.8626611408744,525.0455000000002
42003473240000,1795.769036190832,144.8589003400183,3,1.0,1836.4840504566791,150.45666666666634
42003473400000,1655.1841359879563,1788.3873081393021,4,1.0,1718.5061793911887,1895.1371250000002
42003473410000,1254.3603111414307,583.3914218333015,4,1.0,1317.16554994812,582.7226249999999
42003473520000,1255.2655916475999,761.8653338932115,5,1.0,1218.1896596483423,663.6688999999991
42003473640000,1415.6924962690618,944.1289840763936,7,1.0,1521.2861293527526,1181.4014999999997
42003473650000,1451.936578081373,6037.123322711727,5,1.0,1441.2169472593082,6051.5028999999995
42003473710000,1351.619180575371,14.973394545417817,5,1.0,1285.5158603752595,17.60599999999995
42003473730000,1597.0750082900818,37.75258444451183,6,1.0,1621.3663021047403,33.82750000000063
42003473740000,2250.5205109344824,59.639082326371025,2,1.0,2251.00854415883,60.57749999999942
42003473750000,2249.117267795056,56.00999999999931,1,0.9709697139944311,2249.117267795056,56.00999999999931
42003473890000,1563.7640744498901,1159.546505226496,3,1.0,1547.8115217760787,1232.6513333333335
42003473970000,1438.6400868971955,172.48388620767955,6,1.0,1438.5028678775668,172.73333333333312
42003473980000,1538.9334486969115,56.89629793575465,2,1.0,1558.8137296960767,56.94750000000022
42003473990000,,,0,,,
42003474130000,465.6835969951593,2339.695132604823,2,0.5442854570949238,460.2970941803881,2339.9475
42003474200000,1280.6616215737668,1147.6203566754803,3,1.0,1268.6225166322254,1313.306666666667
42003474210000,,,0,,,
42003474230000,1619.908326508779,648.5154173085347,4,1.0,1621.5941899403115,678.9637500000013
42003474240000,1752.2322667755498,7.370238907565241,3,1.0,1745.1292709569161,7.838333333333139
42003474290000,1819.1309967123489,24.422172237293534,6,1.0,1803.8882719418207,24.734166666666777
42003474300000,1637.0310101849486,23.48423602562299,2,1.0,1637.2538218932336,23.457499999999527
42003474310000,1351.4170129664408,718.2776834772071,5,1.0,1332.3597780432794,826.4039999999999
42003474350000,1738.3070054969603,11.334999999999127,1,0.9768460031709709,1738.3070054969603,11.334999999999127
42003474360000,1484.1696354615312,17.94485880088792,5,1.0,1484.802795225148,17.992899999999462
42003474370000,1472.9816767650252,10.98440473112371,4,1.0,1506.7165982215702,11.853749999999764
42003474550000,1599.454363933113,12.105420920459574,4,1.0,1605.0431896599462,12.717499999999973
42003474570000,1026.6042214992367,27.66888692006767,3,1.0,998.488648101411,26.30499999999999
42003474580000,1469.00935549717,40.92857452855297,4,1.0,1444.329212500217,40.381250000000364
42003474640000,1783.2415878957167,205.58291943839015,3,1.0,1807.7623919887903,197.43333333333308
42003474760000,1544.55778976122,13.15913037147135,5,1.0,1578.4055824163934,13.172000000000116
42003474780000,1378.0213619020979,77.07800000000134,1,0.9783442814089962,1378.0213619020979,77.07800000000134
42003474790000,1160.083796241061,6.806902501058854,3,1.0,1152.4380684719188,6.755000000000109
42003474820000,1229.8775962545385,9.49936883073037,3,1.0,1229.9660445546358,9.48166666666657
42003474840000,1563.472811585643,12.05742740253001,5,1.0,1566.4714364487158,12.061000000000059
42003474880000,1631.1595259922913,307.5241461459091,4,1.0,1661.4732586929497,282.2512499999998
42003474890000,1239.394471187828,24.28876726319944,2,1.0,1128.720063702384,28.5099999999984
42003475000000,1444.621302342863,688.6393954888656,6,1.0,1421.3584764878444,734.0941666666673
42003475120000,1368.581742065049,206.24703428051427,4,1.0,1367.5865258924048,206.23199999999997
42003475210000,2044.7619185448293,16.387479326128666,3,1.0,2044.8639053537138,16.35949999999957
42003475230000,1462.5592371120426,471.2191828076188,7,1.0,1453.7198024510612,472.4922857142857
42003475320000,1426.8865103453722,15.218701461985571,6,1.0,1329.3952371791086,16.68899999999955
42003475330000,,,0,,,
42003475330100,1386.6660529909077,10.010715042351709,5,1.0,1324.852973685359,10.888999999999943
42003475340100,1906.4134058207453,1.7708299311417104,2,1.0,1936.2402964989656,1.717000000000553
42003475360000,1305.8060276225874,25.758095827947756,3,1.0,1308.3524067373355,25.74499999999989
42003475500000,1531.3792123232104,17.13848607619185,4,1.0,1532.7730829249488,17.187499999999545
42003475510000,1733.5672079577112,25.738252851930557,3,1.0,1733.2194188453823,25.69833333333342
42003475570000,1333.75741107562,24.835107970475534,4,1.0,1339.423857692857,24.843749999999773
42003475610000,1451.6884149557977,33.452040397177356,4,1.0,1449.7055589806132,33.397500000000264
42003475620000,1341.363162783725,15.45856805596293,4,1.0,1331.3800576780495,15.97250000000031
42003475700000,1197.29872064826,14.580450197884497,2,1.0,1253.9347242348194,14.822500000000218
42003475710000,1453.0558141823797,93.04844333975754,4,1.0,1444.9351685406648,94.10575000000063
42003475730100,1522.4214327528894,731.2243868447692,5,1.0,1540.1239280017412,832.6819999999998
42003475740000,1030.1293531614979,961.4248081553383,4,1.0,990.2769175328206,1100.1512499999988
42003475800000,1624.3424553935251,20.91641130144105,4,1.0,1598.0762052234968,22.618124999999964
42003475840000,2454.8142996424613,168.38500000000022,1,0.5864672405676042,2454.8142996424613,168.38500000000022
42003475900000,1748.391229383563,11.087043338923984,6,1.0,1778.0440955672755,11.038333333333108
42003475960000,1569.6942067190885,21.54633845780436,5,1.0,1655.825880023765,21.382999999999992
42003475990100,48.26817402507625,5.289500000000771,1,0.8699210071583485,48.26817402507625,5.289500000000771
42003475990200,48.273686573847286,5.289500000000771,1,0.9992303067649261,48.27368657384729,5.289500000000771
42003476010000,893.6362908060771,4.899999999999635,2,1.0,893.6362908060771,4.899999999999636
42003476030000,1749.2953622493162,68.45698577860604,4,1.0,1686.025978903214,69.34874999999965
42003476060000,1230.011595439769,24.840000000000146,1,0.4858720783067839,1230.011595439769,24.840000000000146
42003476080000,1383.8508168390558,17.532407081499635,4,1.0,1386.9632341369952,17.487500000000182
42003476090000,1529.9706905544488,13.920968448636861,5,1.0,1536.0779249462764,14.008000000000175
42003476110000,1318.1342581015906,13.182091406260335,5,1.0,1318.8640843845567,13.29469999999983
42003476120000,901.4896127878118,21.367066187593817,2,1.0,896.8228526756868,21.1225000000004
42003476160000,1470.4475888518525,19.392944298367272,5,1.0,1457.3198412569036,18.777000000000044
42003476180000,,,0,,,
42003476190000,1528.034002429634,22.026860278576237,5,1.0,1614.6139687757545,22.16399999999994
42003476240000,1395.497663700055,290.46984846390694,5,1.0,1225.8354800695715,360.65229999999866
42003476250000,1458.5352351115082,52.25584142162124,4,1.0,1320.967954929324,56.34625000000028
42003476260000,1948.246740492833,23.86868884632086,3,1.0,1926.7501718399164,23.65166666666634
42003476330000,1473.2304703309037,202.5599999999995,2,1.0,1473.2304703309037,202.5599999999995
42003476380000,1424.38611978238,25.574678911772974,5,1.0,1456.2124062194973,25.2369999999999
42003476390000,1520.2267926190204,14.018917068963388,5,1.0,1536.211870456753,14.008000000000175
42003476400000,1610.0643811585876,21.05338513366364,5,1.0,1610.1127077839833,21.077999999999882
42003476440000,1127.8695973290392,13.524999999999634,1,0.9870332831679359,1127.8695973290392,13.524999999999636
42003476460000,1320.6389516037336,14.776572792723238,4,1.0,1328.6444790038956,14.733749999999645
42003476470000,1666.8786936118,6.727039901200554,3,1.0,1671.181213546127,6.755000000000109
42003476540000,1348.6688369280337,18.15343859366027,2,1.0,1349.7863150595554,18.17749999999978
42003476550000,1369.4295093577136,28.099104393321838,4,1.0,1369.44098796542,28.09874999999988
42003476610000,,,0,,,
42003476620000,1029.9733990368793,949.565218362532,3,1.0,993.5572162219427,1160.0186666666666
42003476630000,1126.6940623856087,950.3497940481702,3,1.0,1144.9869733864614,1166.3353333333328
42003476640000,1408.947629759818,14.354175645621643,5,1.0,1441.5590208154858,14.289000000000124
42003476700000,1277.89437922913,13.888730991353246,3,1.0,1319.4816342489476,13.835000000000642
42003476730000,1075.8935393711404,14.355271243882614,2,1.0,1078.1763588361682,14.397500000000036
42003476740000,1453.859538516704,18.597506774576622,2,1.0,1459.3683712548434,18.677500000000236
42003476760100,1899.2698595359416,38.975869843857325,3,1.0,1808.9964594338023,28.417833333333572
42003476810000,1642.246727886105,8.521130909657918,4,1.0,1637.6052427378704,8.566750000000411
42003476820100,1083.287176730304,11.001491991896327,4,1.0,1059.924335800397,11.25012499999957
42003476820300,1114.9120715529882,22.50214129962594,4,1.0,1114.7986447799121,22.501999999999498
42003477280000,1145.429257632866,24.532047719925085,2,1.0,1144.391902383315,24.5049999999992
42003477300000,1065.8333550834973,0.014999999999417923,1,0.9869986496512423,1065.8333550834973,0.014999999999417923
42003477320000,1743.078504953698,1.301208734327328,2,1.0,1689.767154077996,1.199999999999818
42003477330000,1270.2687994718897,13.725000000000364,1,0.9964177843124447,1270.2687994718897,13.725000000000364
42003477340000,1700.4290848841354,7.2278021885925705,3,1.0,1699.5308988974248,7.23000000000017
42003477350000,1187.4872097137704,6.792252593987964,2,1.0,1190.627805020267,6.8200000000006185
42003477370100,1177.1013571367582,28.014863694344644,2,1.0,1175.2548559101747,27.980000000000473
42003477380000,1314.1231061276512,4.763237940238798,3,1.0,1350.0739053008026,4.736666666666982
42003477390000,773.031349434526,17.48432949583032,2,1.0,773.1261088008353,17.49499999999989
42003477400400,1592.773694373148,54.4375,2,1.0,1592.773694373148,54.4375
42003477410000,1641.3397682503721,9.782032804556936,4,1.0,1662.7378331578511,9.836249999999836
42003477420000,1677.6631148648628,4.955814025517323,2,1.0,1685.289793044713,4.925000000000182
42003477430000,1774.0764639911386,9.517395222113366,4,1.0,1775.7357546509854,9.483749999999873
42003477440000,1833.4834437727575,5.323825487170954,4,1.0,1845.1372351342347,5.3425000000002
42003477450000,1779.259459942117,5.996277972128444,4,1.0,1783.8716942421288,6.0324999999998
42003477460000,1773.2131127028158,6.629255505629648,3,1.0,1786.226218796879,6.693333333333309
42003477470000,1594.3956367389346,6.189589940442724,3,1.0,1595.5088461098176,6.2650000000000245
42003477570000,1381.8154698354087,60.47638151069597,7,1.0,1342.5498533253551,64.58285714285726
42003477600000,11.446816777722878,34.05000000000109,1,1.0,11.446816777722878,34.05000000000109
42003477600100,11.449478772101017,34.05000000000109,1,0.7174656752755418,11.449478772101017,34.05000000000109
42003477600200,1307.5866734284232,287.4614966623532,4,1.0,893.7597687106779,248.5300000000002
42003477710000,1518.0995668540036,45.9204702298976,10,1.0,1520.8467636654698,46.0239999999997
42003477770000,1760.7432441493681,15.703574640391489,4,1.0,1761.577135654466,15.714750000000095
42003477780000,1635.9444433431593,11.068072907598863,4,1.0,1662.8736786777597,11.588500000000067
42003477790000,1902.6564960277153,22.476941667423304,2,1.0,1903.8538320524315,22.51000000000022
42003477800000,1391.4230900111545,8.507481254676733,3,1.0,1400.6890951993425,8.396000000000337
42003477810000,1605.0625711578084,15.178990004447371,4,1.0,1589.9423279837547,16.07250000000022
42003477960000,1265.073404250175,9.99879953562883,3,1.0,1204.66749430407,9.116666666666484
42003478000000,,,0,,,
42003478030000,1217.619125358436,21.235358554078392,3,1.0,1214.176780793082,20.554999999999684
42003478040000,1577.7498593748642,12.670000000001892,1,0.8881101238199867,1577.7498593748642,12.670000000001892
42003478080100,1815.3796128182914,13.243769210565535,4,1.0,1814.7965174565848,15.002124999999978
42003478090000,1218.503009362942,13.893297577109308,4,1.0,1208.5746830308842,14.310499999999138
42003478100200,1792.2055668428027,866.0364030295839,3,1.0,1859.7633370229871,1228.7733333333344
42003478110000,1358.2516149487021,42.752013433345525,4,1.0,1358.7615213624485,42.75499999999943
42003478120000,1522.2824072789638,24.05000000000291,1,0.9573885380608564,1522.2824072789638,24.05000000000291
42003478130000,2096.146208816681,243.9449999999997,1,1.0,2096.146208816681,243.9449999999997
42003478160000,1411.6131823733176,42.22190507214195,2,1.0,1423.770824979827,42.127499999999145
42003478340000,2102.8485587835453,63.92000000000007,1,0.641376965089367,2102.8485587835453,63.92000000000007
42003478440000,1167.9875791940046,686.2907016132291,5,1.0,1171.1151917653056,692.2769999999994
42003478480000,1657.7106536889232,25.3841493720632,3,1.0,1714.7579013991262,24.784999999999553
42003478630100,,,0,,,
42003478720000,1314.9440116409116,2049.2041950000003,1,0.2004474631821592,1314.9440116409116,2049.2041950000003
42003478730000,1635.3859603738558,18.68999335779395,2,1.0,1642.2340627007065,19.341749999999593
42003478740000,1484.5190592139995,34.86160139574376,2,1.0,1487.7968601764699,37.524999999999636
42003478750000,1510.3527804072571,55.82533837508766,2,1.0,1509.7482605832183,55.33150000000023
42003478760100,1486.0215359042788,35.746500000001106,1,0.9998430343775769,1486.0215359042786,35.746500000001106
42003478770100,365.73596714028963,545.2125000000015,1,0.9960081341161753,365.73596714028963,545.2125000000015
42003478780200,364.10976901902706,545.2125000000015,1,0.9491402267091412,364.10976901902706,545.2125000000015
42003478900000,1329.711067708404,9.256647679049793,3,1.0,1244.071539366136,8.653333333333649
42003478920000,,,0,,,
42003479040000,1560.1588859558049,361.80992079819873,7,1.0,1567.0767042696807,298.6392857142858
42003479050000,1544.5957602424899,22.40288393120323,4,1.0,1500.5397728811927,21.204999999999927
42003479070000,1360.1882578928157,1310.3227901405796,5,1.0,1274.8737807979828,1696.645099999999
42003479080000,1482.4382481436758,9.36982514870579,2,1.0,1488.186219446657,9.3075000000008
42003479090000,1351.4280840808674,25.356249999999818,4,1.0,1351.4280840808674,25.356249999999818
42003479100000,1412.3680912248228,7.069907328659269,2,1.0,1412.349466611925,7.0700000000006185
42003479110000,967.628492055872,11.930746674103425,2,1.0,966.6708937954002,11.902500000001055
42003479120000,1155.5405196724266,405.75974281248796,5,1.0,1162.8826743876243,374.92699999999934
42003479210000,,,0,,,
42003479230000,1307.0005653174446,18.300364445419916,2,1.0,1308.9786017288761,18.36499999999978
42003479320000,1354.389594736694,125.41024446783726,3,1.0,1363.9760235510219,125.17000000000037
42003479330000,1837.883018910974,25.769999999999527,1,0.979125832917785,1837.883018910974,25.769999999999527
42003479350000,1412.2359275794104,200.78511248372308,3,1.0,1461.5990902477758,191.42183333333378
42003479360000,1559.528261983971,247.79419838609275,2,1.0,1576.2778451679167,254.9925000000003
42003479580000,1837.8721702412806,25.769999999999527,1,0.9667207709290795,1837.8721702412806,25.769999999999527
42003479750000,1423.4239709775713,231.88810338545701,4,1.0,1392.7818142641204,217.55637499999966
42003479770000,1648.6706002190226,862.5707403313811,8,1.0,1791.2698398670263,1023.6144374999997
42003479780200,,,0,,,
42003479800000,1368.6607605243266,30.240717572295996,5,1.0,1452.2204227035038,28.108499999999914
42003479810000,1493.8403153457355,38.96346481619067,5,1.0,1613.127077538036,36.10709999999999
42003479820000,1524.069157098861,20.377425898258117,5,1.0,1511.5955429709034,19.960399999999755
42003479830000,1714.568471687332,18.731363565164763,6,1.0,1794.289617100166,18.516083333333274
42003479840000,1448.463617651407,21.811448267396624,5,1.0,1518.4895961644838,20.646500000000014
42003479850000,1615.224462912019,23.454296788520292,6,1.0,1612.8835335098731,23.648916666666235
42003479860000,1112.049189495928,41.6125189283204,3,1.0,1144.6205370206744,40.78833333333296
42003479980000,1536.364539231559,26.82694057462763,5,1.0,1544.4955012234814,26.833199999999852
42003479990000,1154.9709025884663,18.34611169967219,3,1.0,1155.4898101716078,18.348333333333056
42003480000000,1218.8816144080317,13.542360404011799,3,1.0,1221.6222796285454,13.497833333333196
42003480030000,1744.3707965621395,15.173550250215325,6,1.0,1743.2391143955938,15.129500000000311
42003480040000,1577.4802295355805,14.956878803376256,5,1.0,1576.322541483211,14.940600000000632
42003480050000,1299.173241417924,15.489027667348072,4,1.0,1312.2125838670672,13.41712500000017
42003480090000,1593.752312087187,14.655524977383774,5,1.0,1595.982772000706,14.609100000000216
42003480100000,1588.1501697377057,13.512648308330895,5,1.0,1590.8856193956733,13.502300000000105
42003480110000,1572.181612228824,13.24264384573579,5,1.0,1575.0172595429497,13.264700000000449
42003480430000,1300.8740754437367,22.481387311077718,3,1.0,1270.3720809551105,24.094999999999043
42003480460000,,,0,,,
42003480470000,1482.3437846944753,27.881539892297212,5,1.0,1525.3988673511276,28.91099999999951
42003480480000,1213.7883816482965,23.52244472294232,4,1.0,1211.01399775436,23.921249999999645
42003480700000,1209.2164219713748,24.98999999999978,1,0.43269637194102445,1209.2164219713748,24.98999999999978
42003480710000,1607.0572580214744,24.08225324070627,6,1.0,1775.5025484457512,29.59291666666665
42003480720000,1452.043688863102,16.267911135165782,5,1.0,1458.3937544887485,16.247500000000038
42003480730000,1594.7828700392417,14.10464237761291,5,1.0,1611.7508340718543,14.10799999999981
42003480740000,1369.5598381267275,14.968987269268156,4,1.0,1369.9443615576456,14.982500000000073
42003480750000,1755.6142685499913,26.653393363862136,4,1.0,1756.4612498275187,27.438750000000027
42003480800000,1651.648132536972,68.96328590472605,4,1.0,1724.9683746204723,77.26250000000027
42003480810000,1481.2560882689218,30.581000372398883,5,1.0,1577.1307263194817,30.292899999999825
42003480820000,1331.943897862725,36.74693403589114,2,1.0,1334.3927354455814,36.74400000000014
42003480830000,1359.2757333514587,19.542281856586442,4,1.0,1359.5055463861486,19.552624999999807
42003480840000,1569.3893356510737,712.9885814842542,4,1.0,1625.4309206458324,967.3536250000002
42003480880000,1486.039275065958,334.61525653518703,6,1.0,1427.0115401096318,385.04033333333336
42003480890000,1683.100254898573,302.6719924243141,9,1.0,1777.4585824538233,358.671833333333
42003480920000,1136.7181872660942,15.12516848291825,3,1.0,1126.30484634729,15.118333333332581
42003481100100,1678.1134758194132,51.96371464151937,2,1.0,1743.9593446901793,52.01500000000033
42003481210000,1653.2432327301194,9.125537727454756,3,1.0,1652.1542408757741,9.116666666666484
42003481720000,1345.8605691768555,73.1919999999991,1,0.9967364260697297,1345.8605691768555,73.1919999999991
42003481730000,1357.912714528798,55.04760908081428,2,1.0,1357.8440447682556,55.15099999999893
42003482040100,1334.482611067416,1190.9413027683763,6,1.0,1331.5980803540624,1283.9973333333335
42003482050000,1490.415510959094,1230.0592819495914,6,1.0,1438.6000312552833,1261.7308333333328
42003482200000,2275.9846848623856,102.79999999999927,1,0.6190382392343334,2275.9846848623856,102.79999999999927
42003482220000,1715.0026395638445,25.580503237983155,2,1.0,1705.0441212534233,25.582500000000437
42003482990000,1648.9716061925858,17.160048282406642,3,1.0,1689.565601897215,16.15866666666655
42003483390000,1923.081259480037,272.5824323227033,5,1.0,2016.9933806944887,353.2464999999993
42003483400000,1380.618602878725,277.7563945180714,5,1.0,1377.80200874955,348.77229999999906
42003483510000,1353.7408144201258,39.065190979591584,2,1.0,1357.3063382221983,44.64825000000019
42003483520000,1336.5942932233706,12.218499999999041,1,0.9872053862826625,1336.5942932233706,12.21849999999904
42003483580000,1016.6013365559364,1123.0866671069964,3,1.0,988.1447449692399,1160.0186666666666
42003483780000,1849.772901712596,4.0890904315744905,2,1.0,1849.796353081746,4.088999999999942
42003483790000,1254.8972768687208,1178.5375602330282,2,1.0,1125.3534658005894,1715.5325000000007
42003483800000,1379.6192866155634,690.8607703554954,3,1.0,1259.8952875140042,1114.3950000000002
42003483830000,,,0,,,
42003483840000,1411.0521204871309,110.8080456478963,4,1.0,1464.9807162777447,122.26375000000007
42003484200000,1231.7635645673072,14.322081592127438,3,1.0,1210.258256943642,14.398333333333843
42003484300000,1935.544692423775,34.65774337956842,2,1.0,1949.6322015617448,34.56700000000001
42003484660000,1640.5795082089658,19.02958818831989,5,1.0,1609.1512234144036,16.744300000000113
42003484670000,1455.2319983648629,35.597868292656244,5,1.0,1539.3583952274605,35.102800000000386
42003484680000,1566.9936612614677,21.84775643830604,5,1.0,1540.1632849282096,20.56100000000024
42003484690000,1551.9617423365116,29.70612639528101,5,1.0,1515.0294523183024,36.474399999999875
42003484760000,1710.6743124815205,15.43965371366188,3,1.0,1689.7688712177148,15.064000000000002
42003484770000,1152.5501433697789,1718.5812016311918,3,1.0,1121.701589113837,1963.323166666667
42003484780000,,,0,,,
42003484780100,1584.0987370330593,1212.918549300502,4,1.0,1248.772480899747,1489.9327500000004
42003485080100,1391.5310091546385,36.615499999998065,1,0.9986595406259223,1391.5310091546385,36.615499999998065
42003485090000,1564.2559756154578,29.057800504779753,2,1.0,1564.7885176097614,29.034499999999753
42003485100000,1758.9033106099334,23.734110943487,2,1.0,1776.6973084035853,22.92200000000048
42003485110000,1299.573498688465,44.70000000000072,1,0.9871821507881602,1299.573498688465,44.70000000000073
42003485120000,,,0,,,
42003485120100,1437.4820945073368,351.85287800924846,11,1.0,1296.3835837417218,390.7170909090908
42003485190000,1435.6534653110791,11.757527009104995,2,1.0,1435.8321628435133,11.763249999999971
42003485200000,1555.5103113612067,16.51596276907386,2,1.0,1789.2734774040223,24.52049999999872
42003485210000,1695.268644727731,277.8737037910261,12,1.0,1684.7601812863522,334.1569166666668
42003485220000,1075.1551059840554,608.2718684345581,6,1.0,1083.6326996049681,564.1472499999994
42003485220100,1198.9337746395263,374.1617146198796,11,1.0,1068.7797444935352,397.3544090909085
42003485220200,1283.4749188524102,311.5302638966997,11,1.0,1072.1945345621994,360.67768181818195
42003485350000,1318.4054224473168,14.5,1,0.9660266101262498,1318.4054224473168,14.5
42003485360000,1318.4103186351836,14.5,1,0.9913013470104399,1318.4103186351836,14.5
42003485850100,514.4486570013569,263.9752155390915,3,1.0,536.7374414911225,262.3438333333349
42003485850200,567.5594842337609,193.41388021343178,3,1.0,528.2507241515027,205.2588333333333
42003485860000,1415.691795958922,137.45301337069884,4,1.0,1415.661530954954,157.11162500000046
42003485990000,1425.8580416630145,1165.5811320969783,7,1.0,1515.1014895524233,1367.2132142857135
42003486000000,1301.0099895323706,1298.6073595997718,5,1.0,1214.539507295928,1601.2450999999996
42003486550000,1600.9468321590564,203.66213640047872,7,1.0,1536.7642166393684,289.0745714285713
42003486560000,1730.3287908006632,123.80689424495124,4,1.0,1797.4794789169873,208.09625000000005
42003486570000,1480.7435767857282,42.72008647340338,5,1.0,1471.6243215356665,41.776000000000565
42003486600000,1399.5261493285918,37.22514145247182,3,1.0,1459.1786420671278,37.88966666666723
42003486600100,1466.708666204473,29.9164843179705,3,1.0,1444.9060450575714,29.669000000000477
42003486940000,1973.8520801922496,13.074999999999818,1,0.9608283524128871,1973.8520801922498,13.074999999999818
42003486970000,1488.4249018341734,11.243499999999585,1,0.9909316030780002,1488.4249018341734,11.243499999999585
42003487250000,1879.9543947903458,214.3420454282329,6,1.0,1857.0146640533796,312.8912499999994
42003487260000,1644.0491991420852,89.15474606068159,4,1.0,1864.656294637372,239.80324999999993
42003487280000,1361.9877738988996,46.98622907838205,2,1.0,1361.9778527911544,46.998749999999745
42003487290000,1480.2580004801612,30.87638129261979,2,1.0,1486.4962003558173,29.5887500000008
42003487610000,1271.2512724356925,9.617710104580523,4,1.0,1333.47263126606,10.855124999999816
42003487620000,1209.4615018566362,12.297993609410002,5,1.0,1213.8267405197012,12.467699999999786
42003487620100,1187.5972174553467,14.970983458518027,5,1.0,1214.2967810133764,16.87649999999976
42003488020000,1533.5134936129352,838.8257046964959,4,1.0,1490.0150939016112,912.1032500000006
42003488030000,1464.9159872201972,1202.1748579015216,6,1.0,1477.0955643973714,1283.9985
42003488060000,1487.402059506453,11.243499999999585,1,0.9376394876145935,1487.402059506453,11.243499999999585
42003488190000,1968.8111451746252,15.420000000000073,1,0.9668645758276507,1968.8111451746254,15.420000000000073
42003488200000,1971.4209399216372,14.247523807142493,2,1.0,1971.4209928794317,14.247499999999945
42003488380000,1357.1265433637825,64.5982284023159,2,1.0,1355.3219905834599,112.60649999999896
42003488390100,,,0,,,
42003488390300,1193.2158363793123,58.367609729774166,2,1.0,728.0317648803915,88.8149999999996
42003488420000,2311.856421142337,68.55224965805334,2,1.0,2279.8495110435656,60.089999999999236
42003488430000,1374.1587978524599,177.26556954191662,4,1.0,1274.7993855800312,202.91550000000007
42003488450000,1523.2594619640597,110.307732618821,4,1.0,1556.760919898636,134.15512499999932
42003488460000,1750.4755910745803,88.83955398557225,5,1.0,2001.394041890862,106.8698000000004
42003488480000,839.3550940513086,1124.7613123142212,3,1.0,940.6426200121715,1835.105999999999
42003488480100,916.2672482592945,930.0432716830599,3,1.0,941.6485503002092,1835.105999999999
42003488490000,1323.7826061655,705.7502237904076,4,1.0,1151.2266018080134,1394.5864999999994
42003488500000,1433.9286033251367,26.127449857933463,5,1.0,1467.9404213957012,26.8742000000002
42003488500100,1049.8053721190374,55.49258522173938,4,1.0,1208.3324135913329,68.40912500000059
42003488510000,1550.9489769276645,46.37416756548409,4,1.0,1523.1733019748235,58.65162500000042
42003488650000,,,0,,,
42003488650100,34.629250487326836,33.6150000000016,1,0.239700272548996,34.629250487326836,33.6150000000016
42003488670000,2040.2218513964626,76.21956812246262,2,1.0,2069.166239533114,78.50749999999971
42003488680000,1669.182377391352,46.89500000000044,1,0.9812407352454321,1669.182377391352,46.89500000000044
42003488870000,1393.498121413176,19.4996287523545,2,1.0,1395.5216264346266,19.1924999999992
42003488880000,1618.0063666039919,659.8955240934466,3,1.0,1734.3452527821128,1092.4850000000004
42003488890000,1482.7147902502768,5.914999999997235,1,0.9875643960249632,1482.7147902502768,5.914999999997235
42003488900100,1674.340568697909,44.75326245110544,3,1.0,1703.3670087420435,62.33366666666674
42003488910000,1517.6040633393866,40.67251262310557,2,1.0,1481.5697775531125,46.034999999999854
42003488930000,1644.1685947471306,19.400000000001455,1,1.0,1644.1685947471306,19.400000000001455
42003488950000,1804.2443973962431,27.398297764606244,5,1.0,1710.7239250820912,37.461099999999895
42003488960000,1575.3890320900382,9.778748371255938,5,1.0,1575.3214855303281,9.778300000000309
42003488970000,1567.9478149707327,18.90636959646922,5,1.0,1599.0514246304865,29.307100000000172
42003489210000,1341.2027288288093,8.657095262604603,4,1.0,1340.9953018653885,8.628999999999678
42003489220000,1365.3291894239114,9.268772356794184,4,1.0,1368.5693336259314,9.245249999999942
42003489230000,1393.2193921373002,10.467556193778993,4,1.0,1394.2618149780428,10.459999999999809
42003489240000,1394.8078865332373,7.041190090553379,4,1.0,1395.5938569953428,7.036249999999882
42003489250000,1521.2895864452346,6.6169959704453545,4,1.0,1521.0604616704375,6.609999999999673
42003489260000,1402.9802460323517,5.638853916280428,3,1.0,1403.1202817097853,5.641666666666424
42003489270000,,,0,,,
42003489280000,,,0,,,
42003489730000,,,0,,,
42003489900000,1427.0960203267687,379.11229767139906,5,1.0,1336.6549730920783,440.49919999999986
42003489910100,1286.4767786288544,382.8407108015656,6,1.0,1359.933563475718,414.72016666666667
42003489920000,1682.1613436747125,361.6037271570722,4,1.0,1682.7576663257926,357.3877499999994
42003489930000,1826.7547832013677,43.77380653691628,2,1.0,1826.923469993331,43.85499999999956
42003490790000,1573.4999800324238,103.51000000000022,1,0.7685731368383814,1573.4999800324238,103.51000000000022
42003490800000,1435.0831159211853,175.84814917048195,2,1.0,1436.764970438148,174.96999999999935
42003490810000,1299.8556544466526,246.42999999999847,1,0.9848425625938351,1299.8556544466528,246.42999999999847
42003490860000,,,0,,,
42003490880000,,,0,,,
42003491030000,1860.359329793584,596.7391661184782,4,1.0,1906.433513855063,1473.7846249999998
42003491040000,1177.8403079472055,642.4392010102375,4,1.0,591.5110138948264,1478.6408750000014
42003491430000,,,0,,,
42103346360000,,,0,,,
42103349080000,1555.622084252823,18.847974220214944,2,1.0,1531.0680173931078,18.44750000000022
42103349110000,1574.854188390893,21.560343438224994,2,1.0,1484.6755569324962,20.582500000000437
42103349120000,1026.3094507065246,12.91650782181852,2,1.0,1024.5070335023718,13.010000000000218
42103353360000,1051.1641934271613,23.945000000000164,1,0.8173352729018776,1051.1641934271613,23.945000000000164
42103353370000,1051.1591272067967,23.945000000000164,1,0.7814929386560083,1051.1591272067967,23.945000000000164
42103356800000,,,0,,,
42103356810000,1397.9553056667414,16.965153832243967,2,1.0,1397.9089497610678,16.964999999999918
42103357090000,1363.1148615588438,584.8943667743096,18,1.0,1373.8418392457356,595.9419444444442
42103357180000,1443.271576913503,623.8593827159959,19,1.0,1445.5304037870737,636.9192105263164
42103357200000,1379.2915589534919,509.5223976324689,16,1.0,1372.5595178548945,511.4650000000002
42103357240000,1466.4567899559065,28.83762323536691,4,1.0,1415.0756285295388,26.582499999999868
42103357250000,1115.492450569972,19.50500000000011,1,0.7862370672440381,1115.492450569972,19.50500000000011
42103357650000,1333.1268701419829,20.89580410900948,4,1.0,1404.5700797254676,20.72375000000011
42103357660000,1417.7310511104838,19.626423697399453,4,1.0,1395.5586397060235,17.439999999999827
42103357730000,1466.3146835553455,7.009204620222353,2,1.0,1423.8196563003821,6.867999999999483
42103357750000,1278.7496817960384,4.595987710729933,3,1.0,1272.8701000127912,4.58933333333304
42103357760000,1400.1382962367932,12.00743990698505,4,1.0,1408.0647005525634,11.543249999999716
42103357780000,1281.164978030017,22.131611248394407,3,1.0,1254.4960935247336,21.465000000000146
42103357790000,,,0,,,
42103357800000,1336.3361802849981,20.994205479754406,2,1.0,1353.8277005674372,21.105000000000246
42103357890000,1144.0969912482426,462.33645248295,11,1.0,1157.6495823375956,500.6268181818183
42103357920000,1883.233949464474,31.634999999999764,1,1.0,1883.2339494644743,31.634999999999764
42103357940000,1101.2364834732068,22.015989784799235,3,1.0,1231.6312928664065,21.786666666666708
42103357950000,1422.5984239928907,15.239728159675405,2,1.0,1394.5821425668912,14.789999999999964
42103357960000,685.2893654816238,11.235491162699727,2,1.0,612.027367590155,16.8900000000001
42103358010000,1311.3349519659682,381.57567109690325,11,1.0,1304.9747877235136,384.6250000000002
42103358220000,1483.8430160396986,476.8362923285271,15,1.0,1486.9126013088933,492.46633333333335
42103358240000,1322.522566951966,489.1293264006711,16,1.0,1318.6478968947054,497.29874999999987
42103358260000,1502.4148849350877,437.1957805716429,12,1.0,1491.954455020909,454.19329166666654
42103358270000,1242.869954738285,446.5296306697002,12,1.0,1187.152795481356,465.64083333333343
42103358310000,1205.0896246951347,11.806124720553166,2,1.0,1300.8135045641777,12.382499999999936
42103358370000,1062.6211981016384,31.52499999999964,1,0.8970401490413747,1062.6211981016384,31.524999999999636
42103358440000,1644.8821849730643,507.80757296568623,12,1.0,1653.7852809239896,517.3093333333334
42103358450000,1470.9955674537377,510.86135009470746,12,1.0,1485.122460413302,512.2130833333333
42103358460000,1416.3577253482606,508.58490157225395,13,1.0,1386.336186307891,512.9770769230768
42103358470000,1122.5539466043524,410.9527980369042,12,1.0,1094.273856804484,420.4075000000005
42103358510000,1226.8514146645468,611.2051079469484,9,1.0,1311.1844435181536,607.1585555555556
42103358540000,1527.6666539928262,35.90277401211597,2,1.0,1467.061579604448,33.8275000000001
42103358550000,1912.826636413546,24.574999999999818,1,0.9909332428767254,1912.826636413546,24.574999999999818
42103358600000,2019.548978971683,43.09500000000026,1,0.4114594538696931,2019.5489789716833,43.095000000000255
42103358610000,1689.732657676411,20.5498781890351,4,1.0,1690.2485073382989,20.66624999999999
42103358620000,2211.679256962983,20.25333416055232,2,1.0,2189.613084233659,19.999999999999773
42103358730000,1930.149901599528,49.6850000000004,1,0.9252912475489224,1930.149901599528,49.6850000000004
42103358740000,1741.7243286761725,29.521817605434467,2,1.0,1746.42251824315,29.717500000000655
42103358760000,1317.94888231187,455.5979365153068,17,1.0,1330.6233956967405,451.0414705882353
42103358820000,1401.6169617468033,425.73979859241336,13,1.0,1378.1438533325615,420.170153846154
42103358830000,1181.1476394662013,490.5388317324109,12,1.0,1157.3639249475752,526.2262499999999
42103359000000,1080.8795948509132,31.524999999999636,1,1.0,1080.8795948509132,31.524999999999636
42103359060000,959.0986563867227,750.4077482267896,11,1.0,923.3322038489972,749.2959090909095
42103359070000,950.878937576911,413.7019967015452,11,1.0,919.5263712836634,392.175
42103359077000,,,0,,,
42103359080000,1498.4297397639423,581.6191257806482,10,1.0,1514.6982605441365,572.2845000000002
42103359090000,1360.9498857656029,1099.8328201326185,13,1.0,1307.8715216097294,1053.7174615384615
42103359097000,,,0,,,
42103359100000,1305.3500896116423,450.56648602303324,14,1.0,1325.4230630430059,450.5807142857147
42103359110000,1422.092986627421,472.15654914588225,12,1.0,1430.2712331400592,505.25100000000015
42103359120000,1337.1324231196234,478.83073976469205,14,1.0,1322.8337363069543,475.91571428571433
42103359130000,1222.3284796545913,408.6843733160694,11,1.0,1224.701171350973,386.53909090909093
42103359140000,1284.3659061996375,558.0513262885318,9,1.0,1354.455315432553,607.1163333333333
42103359150000,1105.9015579586537,516.0019057936817,7,1.0,1119.5799704368744,512.8800714285708
42103359160000,1116.385133980972,470.3512826669829,10,1.0,1145.4546141287915,491.4880000000001
42103359170000,1133.8300487767403,326.37000228169734,7,1.0,1148.8024140991229,331.0670714285712
42103359180000,1440.6442919227654,427.2524619166259,18,1.0,1442.150658603723,424.933611111111
42103359190000,1577.5502944594346,403.8995286769282,11,1.0,1605.0823483849838,396.8565454545456
42103359200000,1500.2127527941625,476.552097339547,20,1.0,1505.182394438022,472.67575
42103359210000,1567.1128241477013,408.0869595967391,16,1.0,1560.4768348846137,407.8015625000001
42103359220000,1485.4452769583102,386.36214976477686,9,1.0,1489.0483437990215,376.6166666666669
42103359230000,1537.9666181298458,391.0799574068027,9,1.0,1541.6470770070562,400.98777777777804
42103359240000,1380.9803677314073,472.00120622528146,6,1.0,1391.3633663416974,466.6204999999998
42103359250000,1253.5465544768892,403.14448556429636,8,1.0,1301.9577466568057,378.9725000000002
42103359260000,1255.0109999142085,451.78472389706354,8,1.0,1254.2324728483075,452.10687500000006
42103359270000,1088.0010852225437,480.2371257072824,3,1.0,1093.8409671000682,480.03333333333313
42103359280000,1500.4482473088751,475.64842260923155,12,1.0,1506.362198567652,476.31829166666654
42103359290000,1234.2290967155495,734.1344118829044,11,1.0,1231.4807457941863,731.625454545454
42103359300000,1389.3086043123503,347.8212094038803,6,1.0,1395.4370798567259,351.3357499999999
42103359310000,1282.1331902013314,837.7832588993592,8,1.0,1319.420503499914,827.9787499999995
42103359320000,1189.0562092309356,439.7071118007981,7,1.0,1187.684754113159,442.88142857142805
42103359330000,1166.2142256626673,416.7817944213085,3,1.0,1169.0148776631759,416.4533333333332
42103359340000,1416.2400731625694,622.7379052903151,22,1.0,1453.4998347724613,610.098863636363
42103359350000,1526.6787729406249,497.59000343329836,14,1.0,1544.7781355598327,512.4321428571429
42103359360000,1395.7097624661312,502.02764634959533,13,1.0,1398.3022114501941,490.71192307692274
42103359380000,1681.0260767503598,14.653431247083565,3,1.0,1759.7959465094484,15.563333333333352
42103359400000,1400.277603141892,8.370742925206807,2,1.0,1401.3065144895063,8.379999999999882
42103359450000,1274.499052211339,368.7496135009239,9,1.0,1273.559354692238,372.0872222222225
42103359510000,1496.7147462345997,376.3272416476012,13,1.0,1500.877113105064,377.52730769230766
42103359520000,1186.5208999966299,461.2210254527286,10,1.0,1211.4633741377263,470.63350000000025
42103359530000,1191.145427662314,459.4653772721312,10,1.0,1217.7305334719792,449.98199999999963
42103359660000,1345.453064156398,22.969700305540847,4,1.0,1360.459155148993,24.090000000000032
42103359680000,1335.2520675363,14.24229928571501,4,1.0,1383.8500466736355,14.08624999999995
42103359710000,1283.4372117991188,348.3064108769499,9,1.0,1278.7764307486023,345.59833333333347
42103359720000,1781.280791947478,4.7599999999997635,1,0.9928398483069474,1781.280791947478,4.7599999999997635
42103359750000,951.267645086015,11.23168833201657,2,1.0,1018.8176437394961,17.080000000000155
42103359760000,,,0,,,
42103359810000,,,0,,,
42103359820000,1912.8983397114025,24.574999999999818,1,0.9923267902953029,1912.8983397114025,24.574999999999818
42103359840000,1272.7082476164892,408.7566113113691,6,1.0,1277.2665901954235,404.87333333333345
42103359850000,1513.8893594375966,484.8912153569665,16,1.0,1518.8294449104678,495.4325
42103359860000,1364.18863425367,394.569645868407,7,1.0,1363.904705609001,397.2114285714285
42103359870000,1538.5868867339543,409.68668144716565,16,1.0,1543.9034564439191,405.69531250000006
42103359900000,,,0,,,
42103359920000,1313.0480709324802,26.664999999999964,1,0.7261252412582102,1313.0480709324802,26.664999999999964
42103359930000,,,0,,,
42103359940000,1657.5506204997325,49.53369721301655,2,1.0,1676.7268913490334,49.64000000000033
42103359960000,1759.6856600173408,34.008836311174264,4,1.0,1758.4390603712723,34.321249999999964
42103359990000,2096.7452446686357,10.45300000000043,1,0.9999999999999998,2096.7452446686357,10.45300000000043
42103360120000,2066.911193738942,23.885102126033118,2,1.0,2060.6603983374666,23.827500000000327
42103360140000,1534.8389993502878,397.63710918434913,6,1.0,1538.5377793321143,396.27249999999987
42103360320000,1379.591331161895,572.9705768270256,13,1.0,1370.520813643364,566.524615384615
42103360370000,,,0,,,
42103360480000,1770.4522757533484,23.564591593577422,2,1.0,1767.7714708340338,23.67350000000033
42103360490000,1718.5263761975032,50.755963460196014,4,1.0,1716.9251301944391,50.96874999999977
42103360520000,1093.328544044301,26.37295884115237,3,1.0,1094.3792040923192,26.379999999999956
42103360530000,1618.671663948037,21.11411101060965,5,1.0,1591.9888323865578,22.221200000000046
42103360540000,,,0,,,
42103360560000,1135.8775934291054,26.926586212472763,2,1.0,1136.9875442024036,26.452500000000327
42103360650000,1293.513565330749,14.32004339915289,2,1.0,1292.1902327480602,14.295000000000073
42103360670000,1656.546275417582,29.737297684106174,4,1.0,1714.7970633583232,30.685249999999996
42103360690000,1789.7237801738609,18.829386957181562,2,1.0,1808.1311878384022,19.05749999999989
42103360700000,830.6803245802067,34.899999999999636,1,0.9999599845966274,830.6803245802067,34.899999999999636
42103360770000,1935.0147745370225,13.165876446893005,2,1.0,1935.4165982473269,13.169999999999845
42103360780000,1062.1261088680155,532.2183055641112,11,1.0,1051.8796571749974,522.5259090909092
42103360790000,1370.442786388951,4.563590020925884,2,1.0,1368.1627403680689,4.562499999999773
42103360800000,1481.6592132585376,373.70907401114226,2,1.0,1481.519965824226,372.9875000000002
42103360820000,1426.7622835463667,46.577401473740444,2,1.0,1426.795612630537,46.55800000000045
42103360870000,1410.0637702828005,56.22200000000066,1,0.9782278576259423,1410.0637702828005,56.22200000000066
42103360990000,1351.8333168475335,677.3590917870682,17,1.0,1350.3530159779623,679.1932352941178
42103360997000,1327.7122701802298,658.1557473004116,16,1.0,1329.5745391055405,658.4893750000005
42103361000000,1182.0172914314037,759.5267052947596,12,1.0,1207.359918492269,767.935833333333
42103361010000,1331.141812160762,560.0221725485903,10,1.0,1321.0775518210457,551.7259999999999
42103361030000,1498.467255046115,58.3617178517495,3,1.0,1491.2023603976693,57.89666666666653
42103361040000,1161.2314810756648,21.18499999999949,1,0.9945329243030261,1161.2314810756648,21.18499999999949
42103361050000,1238.7637940313257,23.96956842561824,3,1.0,1236.2691454941382,23.871666666666744
42103361060000,1551.7395364822803,38.94096535815553,2,1.0,1552.8179647744719,38.98999999999978
42103361070000,1375.0857175333103,735.5359010621787,14,1.0,1386.2859155701299,728.5846428571434
42103361080000,1689.0219595696287,85.65133413400197,2,1.0,1706.2643098959047,86.23000000000002
42103361090000,1340.8851869761606,657.1208490941818,18,1.0,1339.6576013454574,648.7441666666665
42103361100000,1311.315950027542,621.5656176586548,17,1.0,1322.6544363941139,615.4002941176471
42103361130000,1285.5829697185138,39.12397496000457,2,1.0,1328.981323868777,39.65750000000003
42103361310000,1578.6601991672837,18.15064151913056,3,1.0,1591.4671674622089,18.324999999999818
42103361480000,,,0,,,
42103361500000,1466.955616488416,700.5783241100105,6,1.0,1462.316012677142,703.6449999999996
42103361550000,1313.0230828197348,69.91499999999996,1,0.9833850248336113,1313.0230828197348,69.91499999999996
42103361560000,1313.0318373236055,69.91499999999996,1,0.9999422834386649,1313.0318373236055,69.91499999999996
42103361570000,1301.0590775585435,396.6419236520586,11,1.0,1305.6663245743168,398.05863636363665
42103361580000,1127.795746382868,634.2501635448282,10,1.0,1152.3912959984223,685.2670000000004
42103361720000,700.5164845731392,31.114999999999778,1,0.8048789661542812,700.5164845731392,31.11499999999978
42103361790000,1549.7046202371798,465.9656023833883,11,1.0,1557.4364447866335,477.0449545454545
42103361800000,1561.842054138078,486.53395119377467,17,1.0,1555.0758453345866,496.5597058823529
42103361810000,1208.038120668543,465.40263116744757,12,1.0,1184.3871568397924,478.6783333333335
42103361820000,1342.1861908008484,0.5650000000005093,1,0.4815152241128701,1342.1861908008484,0.5650000000005093
42103362050000,830.6452603595477,34.899999999999636,1,0.9790093990124751,830.6452603595477,34.899999999999636
42103362060000,1458.9355832396964,14.024077077209705,3,1.0,1453.4698542058566,14.013666666666419
42103362080000,1428.033027818632,614.439925604626,13,1.0,1363.2681013910176,657.364384615385
42103362090000,1331.271607437133,468.28058576914833,18,1.0,1330.6203953182242,462.07861111111106
42103362130000,1324.9102784488077,495.99729733601123,16,1.0,1309.7595855958436,499.5103124999999
42103362140000,1096.761111691321,476.0193362372121,12,1.0,1111.9450174143046,462.2279166666669
42103362150000,1347.809634672975,526.7311340989689,17,1.0,1330.0289327365338,528.3308823529411
42103362230000,1802.6005947017409,21.76828163813561,2,1.0,1809.2068228781554,21.80249999999978
42103362320000,,,0,,,
42103362340000,1923.8240654554427,16.418495413600038,2,1.0,1928.0441122382858,16.439999999999827
42103362370000,,,0,,,
42103362390000,1421.8231612161608,771.5819187672773,15,1.0,1418.6940567628774,771.6320000000007
42103362450000,1388.4334832325824,18.364004894623584,4,1.0,1367.6982176112158,18.290624999999977
42103362460000,1405.8913183951445,15.118125764291138,2,1.0,1382.6986217436613,14.984500000000025
42103362470000,1234.2039715723397,439.03175682041194,13,1.0,1225.6662607671446,430.8538461538464
42103362560000,1340.2713590878323,630.8436451745138,9,1.0,1307.6759833196459,627.1483333333334
42103362620000,992.5558860746401,431.4661252105805,11,1.0,969.8636086348503,416.65590909090935
42103362630000,1789.5834447543846,16.382060527292147,4,1.0,1743.272209455737,15.662500000000023
42103362650000,1354.0985050185473,448.91694429021726,12,1.0,1339.6081290314635,442.05458333333337
42103362680000,1321.1891700014303,457.9646814453962,14,1.0,1314.2616146955077,455.21142857142866
42103362810000,1944.4064982361824,56.79500000000007,1,1.0,1944.4064982361824,56.79500000000007
42103362830000,1570.9451988324224,917.810584301838,11,1.0,1649.45692743444,980.6165454545454
42103362840000,1329.5911231190764,751.0708511251715,16,1.0,1342.8218639751467,762.9468749999996
42103362840200,1362.0640759748753,748.568156692558,16,1.0,1370.475856061661,761.79375
42103362950000,1885.7149493934394,11.007696771634542,2,1.0,1884.2256855845174,10.977499999999964
42103362960000,1287.7770214850912,9.891068906269881,2,1.0,1287.8245096156597,9.86999999999989
42103363180000,1621.7491297107965,16.025654005221114,3,1.0,1630.2850073667669,16.288000000000313
42103363190000,1897.2548556797944,2.187308580037962,2,1.0,1798.3210001438733,2.099500000000262
42103363410000,1196.6246270174781,16.681030059698983,3,1.0,1192.1615816293722,16.578833333333325
42103363420000,1258.7477871574429,20.51096454424351,4,1.0,1294.8397464555849,20.741500000000087
42103363660000,1313.087682079934,26.66499999999996,1,0.786653076043692,1313.087682079934,26.664999999999964
42103363730000,,,0,,,
42103363830000,,,0,,,
42103363870000,926.8357556288188,24.783378399831566,2,1.0,908.015650413663,25.309999999999945
42103363880000,,,0,,,
42103363890000,1346.8169342584958,13.164999999999964,1,0.657345502577777,1346.8169342584958,13.164999999999964
42103363900000,1351.113576636224,13.164999999999964,1,1.0,1351.113576636224,13.164999999999964
42103363910000,1003.9715144588323,17.9699999999998,1,0.9003047899043559,1003.9715144588324,17.9699999999998
42103365150000,1202.8215918210326,882.3475420731176,21,1.0,1202.8253948006259,882.3448571428572
42103365220000,1621.7700511075427,904.4080476190476,21,1.0,1621.7700511075427,904.4080476190478
42103366110300,92.98270643078601,13.399999999999636,1,0.8541066156986463,92.98270643078601,13.399999999999636
42103366110400,93.0027367893504,13.399999999999636,1,1.0,93.0027367893504,13.399999999999636
42103367280000,,,0,,,
42103368010000,1316.7014242494924,532.7149801242289,7,1.0,1352.298325385719,527.1848571428573
42103368020000,1016.2676596201574,1036.6499081415786,23,1.0,1032.2273906404102,1009.7792608695652
42103368030000,1414.8666748293747,921.9477038341395,16,1.0,1445.22677994229,891.7254687500001
42103368900000,1799.486258294119,763.8940004637557,11,1.0,1775.4123088024896,743.8312727272727
42103368910000,972.7508984619781,739.0030984052945,9,1.0,1014.9654956218551,733.5100555555555
42103368920000,1386.5140974251212,706.1484979728592,16,1.0,1420.4609550083962,719.95478125
42103369030000,2003.7238175990199,679.3233677734603,10,1.0,1982.87916863714,658.9399999999999
42103369040000,1886.127790337997,478.37541880368076,7,1.0,1910.1644037624433,465.0745714285713
42103369130000,1595.2748069762395,134.40051058493378,7,1.0,1570.8648823284882,151.21907142857148
42103369150000,1461.6968883781808,863.5556043963677,21,1.0,1460.9729372561499,850.066119047619
42103369230000,1161.2492011794131,896.3462440120578,26,1.0,1161.0881056985684,884.2505384615386
42103369360000,,,0,,,
42103369380000,1173.8601627398014,206.2229350258146,4,1.0,1174.3656977861056,205.99587499999996
42103369390000,1475.2853444862617,686.0989573078466,10,1.0,1475.4875685078762,704.4912499999999
42103369570000,1469.5150948604935,684.8275760036576,25,1.0,1441.5326503151894,727.0226199999998
42103369580000,154.6292423663004,425.9000000000001,1,0.9743966145603278,154.6292423663004,425.9000000000001
42103369590000,1562.2706293709537,791.992693132323,26,1.0,1527.048751353346,762.4299615384614
42103370150000,1619.212628795594,26.18344178293485,3,1.0,1636.1147157081232,25.852999999999913
42103370180000,1444.7840243402215,634.6155555319274,16,1.0,1470.9835126780754,619.5621874999999
42103370190000,1548.4734730071104,687.99856665105,21,1.0,1546.223817689807,714.0217857142858
42103370230000,1772.5066620833459,882.9509436458075,18,1.0,1774.931420149325,887.4694999999999
42103370430000,1571.3832033580175,709.543464285225,25,1.0,1570.3695841541473,714.0915600000002
42103370640000,1049.2944978038001,742.0271256727253,26,1.0,1096.8999059170694,778.9293461538462
42103370750000,33.882565205341585,972.363913446396,2,1.0,33.823729778140354,970.3924999999999
42103370800000,1047.2892624425722,891.5731824304615,24,1.0,1103.299784260991,842.9951875000002
42103370920000,1923.4752683865047,812.6382117264067,13,1.0,1918.4904683016564,990.7380769230766
42103370930000,1302.136860798841,654.0501762620081,7,1.0,1311.5522659802077,616.0585714285714
42103370940000,1327.1924561787703,1049.3631423915976,9,1.0,1354.496915876753,1084.270944444445
42103371140000,1504.1072503312528,532.4329397506076,7,1.0,1503.581538869275,530.8305714285715
42103371220000,1151.9620965339486,552.5585129386807,8,1.0,1087.543878847843,504.51025
42103371280000,1173.7928240232632,724.4595948050522,26,1.0,1163.516344175111,734.9321153846154
42103371390100,,,0,,,
42103371490000,1412.907597042936,558.7766137862892,15,1.0,1379.8896032256177,566.9912333333334
42103371510000,1204.4097733681303,975.7972819191053,21,1.0,1212.3451392127265,973.7580952380952
42103371520000,1981.4752544090761,25.39628205971169,2,1.0,1979.4939619398124,25.427749999999605
42103371690000,1268.290821622946,700.3546404855073,18,1.0,1252.4345409008306,700.7467222222222
42103371880000,1260.6549312264472,976.6214335814484,23,1.0,1232.939562605284,1126.1402608695655
42103372000000,1196.6725130473349,738.1191173410851,18,1.0,1199.245333153504,700.3750555555555
42103372210000,1140.8264775369623,484.68057315420833,5,1.0,1133.162039415261,495.724
42103372360000,1610.2062735488657,46.848193508206435,3,1.0,1484.0281964601472,46.82666666666652
42103372490000,845.8448594863702,1924.608259586892,2,1.0,846.0131716700332,1924.7985000000008
42103372650000,1484.8367571924298,24.322777808462206,3,1.0,1501.330879349769,24.464666666666744
42103372830000,1028.2791335896054,905.2371121645692,15,1.0,1028.251289132034,906.2936666666666
42103372880000,1824.9794787563546,867.2190533970825,14,1.0,1818.9340195162247,842.7942142857146
42103372890000,1641.051209034192,37.46295788205074,3,1.0,1636.0623980923185,37.37799999999985
42103372920000,1591.0558675118068,1204.2632134942492,24,1.0,1548.6460932464558,1293.1487083333334
42103372930000,1134.5087138263061,980.3606616873969,31,1.0,1127.5090209494083,1131.9406612903229
42103372950000,,,0,,,
42103373020000,1436.0032880125189,1008.4726160894108,12,1.0,1467.357119341339,905.3738333333334
42103373060000,1944.780833951353,40.9342807703015,4,1.0,1898.9345792291997,38.36162500000012
42103373120000,1413.7838454929142,783.0711769313812,16,1.0,1426.702499749685,753.2214062499999
42103373190000,1259.7402913351073,651.8626340832744,39,1.0,1281.6912939906963,739.3335256410255
42103373220000,1470.4195351381707,988.9440456937496,21,1.0,1470.499808587358,984.5936666666666
42103373230000,1611.3376795076526,1057.159385492029,11,1.0,1614.2386031106225,1056.0802272727271
42103373240000,1228.4640632653825,1272.0782298251365,33,1.0,1241.5253462793391,1419.2931363636367
42103373260000,1170.0475467145895,766.8559809883716,26,1.0,1217.305979482517,722.0247884615384
42103373270000,818.2508344746213,672.8383282562193,25,1.0,888.5826363881047,740.2302000000001
42103373300000,1091.3719164065983,860.9872872067564,27,1.0,1114.0585636421335,953.2790370370368
42103373320000,1187.6001148316052,807.5720044100592,33,1.0,1200.418501740212,769.4423484848485
42103373380000,1062.4237989038495,1074.8300695246587,25,1.0,1070.078736215175,1054.9495000000002
42103373410000,1049.451870975911,685.4425665811045,39,1.0,1046.1468975033015,793.4066025641026
42103373490000,1142.7529073158466,198.7542098035462,2,1.0,1111.377201610094,185.40824999999973
42103373500000,434.0302252937936,642.8064772523768,3,1.0,434.0290054734085,643.0600000000004
42103373510000,1092.4274936997726,141.30354149131543,3,0.40319364099533284,1074.679277549866,140.54999999999987
42103373510100,111.7072283813364,15.7400000000016,1,0.8775846197388187,111.7072283813364,15.7400000000016
42103373510200,113.60066818968804,22.462358405123783,2,1.0,129.3005324017441,78.24750000000131
42103373550000,1300.0691177180213,19.74499999999989,1,0.9959301041481504,1300.0691177180213,19.74499999999989
42103373640000,,,0,,,
42103373680000,907.5528304559787,1035.0627606229402,21,1.0,917.2843345752444,1065.1671904761904
42103373730000,1074.3522915036915,1183.7673016581443,28,1.0,1121.3653268600588,1310.5906964285714
42103373820000,,,0,,,
42103373850000,1403.1224114851373,730.5467438897654,21,1.0,1358.9288495771116,619.7905714285714
42103373860000,977.4785842460855,615.7579539118714,16,1.0,1041.9012481712348,550.3118125
42103373880000,947.5009948630767,770.6698592031114,9,1.0,957.5482705128283,767.8650555555554
42103373900000,1227.4689977650446,51.46699356256759,2,1.0,1323.2953465085805,48.802000000000135
42103373910000,1436.9175863650173,1020.5195382531251,25,1.0,1424.3592222096484,1123.0764600000002
42103373920000,1539.2968011407995,875.2775083413247,22,1.0,1553.563577647303,751.2777954545454
42103373930000,1488.0717300743768,1079.022826139146,22,1.0,1520.0405993662678,1153.4300681818177
42103373940000,154.63068250545172,425.9000000000001,1,0.9539775381221818,154.63068250545172,425.9000000000001
42103373950000,29.389126279315168,861.8973235679856,2,1.0,29.297961970372683,859.1499999999996
42103373960000,21.857736467816938,609.8178274145826,2,1.0,21.858943355483287,609.8474999999999
42103374090000,1622.1132672474612,609.6513869265187,12,1.0,1628.0849533495539,597.2249999999999
42103374100000,1524.785963648049,697.5284979894311,11,1.0,1534.1974894057537,698.6772727272727
42103374120000,1528.7488772234026,815.202424055879,11,1.0,1533.9187824277265,821.4136363636364
42103374210000,510.7466773692884,54.97028735411426,3,1.0,457.41433909207643,55.3766666666664
42103374217100,50.557024317117246,0.959999999999127,1,0.6556522644030032,50.557024317117246,0.9599999999991269
42103374217200,50.68720175781485,0.959999999999127,1,1.0,50.68720175781485,0.9599999999991269
42103374217300,454.17239525227274,56.110773986448805,6,1.0,273.12734428650987,44.384999999999
42103374217400,,,0,,,
42103374217600,488.4872840469573,69.59143918634271,3,1.0,465.916068826653,71.39000000000003
42103374220000,1253.6805898097234,59.64694298916513,3,1.0,1258.6714718415933,55.3766666666664
42103374280000,1529.4298954134617,1276.4650469034277,11,1.0,1536.151692047718,1288.7936363636363
42103374300000,1255.6741398338218,766.7531798997175,21,1.0,1282.7734339808383,785.2345714285716
42103374310000,1107.792250925337,794.774354358276,23,1.0,1165.7962156296105,850.1627608695651
42103374320000,1312.1520855028755,1036.3612957165642,21,1.0,1336.8498979153303,965.0213809523809
42103374330000,1092.4759988383369,1143.000971055267,23,1.0,1149.9956690428712,1225.4590652173913
42103374350100,1030.480743836259,5813.975060160524,2,0.8343767585818357,1033.7938841228747,5813.932500000001
42103374390000,1234.1842957715392,858.551374979448,39,1.0,1275.9490876384336,1021.1944999999998
42103374400000,1297.4859811180545,919.8118611365006,31,1.0,1340.6192997560606,1064.8311451612901
42103374410000,1339.400348257794,1130.255293532089,37,1.0,1371.727263565757,1293.0318243243244
42103374430000,1381.0216655730735,825.7028811342665,24,1.0,1397.6300633001877,896.8052916666667
42103374440000,969.238049703424,1127.0564912707061,16,1.0,1032.255045718206,1133.3965
42103374450000,1215.1349906272794,696.1606699075764,26,1.0,1260.3473440053858,758.3399807692307
42103374460000,1320.0913372313423,785.7876020915453,38,1.0,1362.054151262518,918.7354078947367
42103374470000,971.5159865223044,2059.066413122842,16,1.0,1031.448012558534,2101.7211875
42103374480000,970.6610153842698,1545.7297384368271,16,1.0,1034.5712682696546,1580.5224375
42103374490000,1084.6670094823146,839.374672752914,15,1.0,1168.4000016343282,761.2940666666667
42103374500000,1090.4028982797538,580.7446288200862,13,1.0,1215.2818327144269,503.76476923076916
42103374540000,655.6956811595803,343.34011162290113,2,1.0,655.6998317205214,343.3399999999999
42103374550000,1510.1668686727023,889.1295851388905,23,1.0,1491.071295475541,806.1679565217389
42103374570000,1291.1784574083877,984.4701203500412,31,1.0,1328.4283299532703,858.9692741935482
42103374600000,1398.2053932276297,23.40698131782133,2,1.0,1398.2862812837457,23.409999999999854
42103374610000,1500.514728983942,15.765396433623367,2,1.0,1500.5014823179654,15.804999999999836
42103374620000,1504.3473166670242,4.5349999999998545,1,0.9880427726081721,1504.3473166670242,4.5349999999998545
42103374670000,1632.5858055609424,711.3187222783297,9,1.0,1629.8088393718604,709.9205555555556
42103374680000,1516.0936320481799,845.565786785831,12,1.0,1517.9985636151753,845.5677083333334
42103374690000,1687.1831053807343,1175.011445260077,12,1.0,1691.0960290809162,1174.4356249999998
42103374700000,,,0,,,
42103374710000,,,0,,,
42103374720000,1422.1481251574949,465.84057206151033,12,1.0,1438.0454252705297,501.5820833333335
42103374730000,1450.1259157100963,370.46675462039815,13,1.0,1483.1360818387618,391.2726923076922
42103374750000,1228.8832795606174,172.65143501339824,12,1.0,1232.854063279011,172.66333333333338
42103374760000,1510.3723130767455,421.29531558056465,14,1.0,1549.0831733869925,446.5585714285714
42103374770000,1455.69932828837,391.4188764567551,11,1.0,1422.6323438296129,423.82954545454544
42103374780000,1195.1218500403936,165.00269529604915,11,1.0,1201.026453825184,164.80500000000018
42103374790000,1192.8693718858904,677.5086735552621,33,1.0,1208.5572591921307,806.4932575757578
42103374800000,1269.4385470683665,1254.5993881979462,33,1.0,1304.171135103725,1107.8347121212119
42103374810000,1444.1392367242415,618.5460678630773,5,1.0,1427.5777467756398,627.4099999999993
42103374820000,149.50606920721881,1105.4475664053134,3,1.0,149.43054329084256,1105.343333333334
42103374830000,148.5539464782779,643.32164582505,3,1.0,148.73707234510837,643.0600000000004
42103374860000,535.6296146899691,733.2692620100901,3,1.0,533.2236983109311,744.1766666666668
42103374870000,345.77466148758066,736.890514507205,3,1.0,344.1597119954797,744.1766666666668
42103374880000,343.93647368632594,1796.388817276516,3,1.0,343.75301164161766,1796.6366666666672
42103374890000,150.8563678186231,864.4834846115957,3,1.0,151.05298631118973,865.0900000000005
42103374930000,818.5713805038624,906.8068683715944,25,1.0,888.7294737157745,1002.295
42103374940000,1245.4526155877963,855.5391527907735,24,1.0,1253.692189656908,912.3700625
42103374960000,891.6126228390499,652.1494408850883,21,1.0,911.8551775616477,674.6186190476192
42103375010000,1111.9466465432051,1125.0711313148943,23,1.0,1116.4242841442174,1052.3523260869565
42103375020000,869.5338812429217,834.3027078447834,26,1.0,953.7893495797089,916.5199038461535
42103375030000,862.6194374658653,655.6519464240369,26,1.0,955.3663892228742,681.9622884615384
42103375040000,968.6897647297823,811.2106937538699,26,1.0,1039.2432888411588,705.052173076923
42103375050000,849.5909973622956,1093.0588643377764,21,1.0,857.7343587679828,1142.4763333333333
42103375060000,830.6269754356478,719.5396276960042,21,1.0,837.9448041604737,765.3010952380953
42103375070000,974.5420169120728,802.7419613260291,25,1.0,1006.9411324929015,729.41802
42103375080000,1250.7722260150804,705.8294035159132,28,1.0,1275.3041996614775,681.6915535714286
42103375090000,1258.9025342667815,630.0899353516118,28,1.0,1281.184430126996,682.1356607142856
42103375100000,1303.6050024630924,853.0906778266761,25,1.0,1310.487224984448,896.4129199999995
42103375110000,829.1227532085406,645.7008457251495,21,1.0,836.2827988754328,657.9935714285714
42103375120000,1348.5298234213476,58.23306473582181,2,1.0,1348.4745938548904,58.30749999999898
42103375130000,1315.468371537351,102.79499999999825,1,0.9999999999999997,1315.468371537351,102.79499999999825
42103375140000,233.7294862604794,899.968424498564,6,1.0,233.66841051267053,900.1208333333334
42103375150000,302.9256381422078,743.1250401113294,6,1.0,303.5008956811607,743.7908333333335
42103375160000,311.15837153960484,761.5601360914075,7,1.0,397.6827700941167,854.0228571428572
42103375200000,1171.8124141379503,579.3074999999999,2,1.0,1171.8124141379503,579.3074999999999
42103375210000,391.9828744438237,791.9644151228788,7,1.0,515.0075370093257,900.0957142857142
42103375220000,307.7946570420692,945.2457911429497,7,1.0,396.4513286143432,1066.4642857142858
42103375230000,226.3416045308351,1805.4012998512956,6,1.0,226.32251664799432,1805.4583333333333
42103375240000,388.25743085234956,1341.622827285769,7,1.0,510.65357472372307,1471.8799999999999
42103375250000,732.7437449713942,1142.8101889895618,2,1.0,744.4471327700278,1142.9249999999997
42103375260000,629.2173636328032,586.4371841339852,2,1.0,638.5868861696426,574.0774999999999
42103375280000,1031.758485174851,742.0677019983868,24,1.0,1036.0142657132935,924.3511875000003
42103375290000,1109.4842721686005,702.0121779590681,28,1.0,1166.3946167080537,856.118875
42103375300000,1063.8117505850892,609.3827040851348,26,1.0,1093.3040510202752,746.4735961538462
42103375320000,1197.2943844002978,802.749074117493,40,1.0,1212.5419336678128,895.292925
42103375330000,1117.218329732172,640.0044055158696,16,1.0,1046.8845430170775,834.9767812500003
42103375340000,1091.664457402002,617.3290959339415,35,1.0,1106.490379723296,692.6849714285715
42103375350000,1421.8480703296311,305.475422019459,9,1.0,1398.0901017264432,351.8687222222222
42103375360000,1197.9805682817876,594.8115218237316,36,1.0,1150.5749514312615,668.6060833333333
42103375370000,1051.0518702662764,588.8891673286142,22,1.0,1039.9709622873202,730.9119772727273
42103375410000,871.1873099039569,1458.9871980309326,9,1.0,890.731545749689,1477.542833333333
42103375420000,931.5621084004517,1577.8512615611264,9,1.0,996.3091674945356,1615.128388888889
42103375430000,1353.6968158336579,727.1154087801272,11,1.0,1365.1542333503928,725.9659545454545
42103375440000,679.8016410518007,972.2452741824977,8,1.0,693.408802946312,965.8030625
42103375450000,856.2550617819313,2046.6369867535302,9,1.0,888.2136661704753,2091.6528333333335
42103375470000,1376.2199357199704,134.09362584728422,4,1.0,1364.4042684728806,138.92037499999992
42103375480000,1671.2415826962156,779.5056858147115,7,1.0,1666.686658504137,799.0616428571427
42103375490000,1787.5512319757036,203.85692640062788,2,1.0,1545.218192791649,164.9782499999999
42103375510000,415.9185900639661,221.24999999999997,1,0.999521422186003,415.9185900639661,221.25
42103375520000,934.1261340706767,2370.440252699647,2,0.9677314148895608,1137.2788803240621,3212.9574999999995
42103375530000,1353.008579287313,71.4143930882313,2,1.0,1353.6176438727475,70.17749999999978
42103375540000,1325.8738811804833,126.53499999999985,1,0.9994649800317063,1325.8738811804833,126.53499999999985
42103375620000,1451.9229864037172,785.3130403454296,20,1.0,1477.8124042518643,671.2924999999998
42103375630000,1199.8845483122843,1477.7264089528676,17,1.0,1185.8515540848703,1528.3746176470584
42103375640000,1371.6573610969338,1527.8745551315703,19,1.0,1402.1929403702509,1600.4139473684208
42103375670000,1436.646291791852,934.4909206568256,20,1.0,1371.629075072235,808.0723999999997
42103375690000,1402.7236949948588,1512.7629314790486,21,1.0,1351.8974697853632,1596.1191428571433
42103375770000,,,0,,,
42103375790000,1186.3270542364262,822.5444578410176,33,1.0,1140.1071415213657,767.9199393939394
42103375800000,1081.7448313225084,862.6153231237147,34,1.0,1029.5000267331159,1034.0949411764711
42103375810000,1312.221403511647,700.416244092395,29,1.0,1301.2480059102725,819.1759655172415
42103375820000,1099.4291563684433,787.6219233824883,31,1.0,1072.5505038837375,945.8128387096776
42103375830000,1167.3085570581422,624.3076685271548,12,1.0,1182.5101671055916,579.5532916666667
42103375840000,1210.0246223061067,797.652607505261,11,1.0,1258.269300186677,741.9789545454546
42103375850000,1042.1134530952215,754.1213476708183,37,1.0,1004.8860884851416,908.2075810810813
42103375860000,1209.5626014971338,241.47375136786442,7,1.0,1219.5171092815715,248.49921428571426
42103375870000,1244.4510853285421,834.0673747396746,14,1.0,1219.3074337700075,787.0973928571426
42103375880000,1045.623148040562,713.7522675522237,34,1.0,990.1747639410654,817.2759705882354
42103375890000,1051.8411594729569,773.4467288312624,38,1.0,1018.9991900655326,718.116855263158
42103375940000,1171.2892406202213,868.562446715059,18,1.0,1174.3325285013545,853.9818055555554
42103375950000,1093.329192070275,815.0072797815606,18,1.0,1140.503016700347,756.7194722222223
42103375960000,1171.1577304632135,728.2597571646722,18,1.0,1174.5357676321821,715.7481944444443
42103375980000,1093.0053748147618,662.1950742624931,18,1.0,1139.9060437887101,613.0652499999999
42103375990000,1134.8437096406378,819.4066660619368,26,1.0,1140.2257974565116,833.5224423076924
42103376000000,989.6283895808966,750.7830912604361,24,1.0,999.8014549409627,763.0055625
42103376010000,1336.920012668083,764.9649023699968,29,1.0,1307.6912306733864,825.6895689655173
42103376020000,1002.5061868150635,1308.7059772336913,24,1.0,1011.8030199680852,1288.5390208333336
42103376030000,1203.3329956292512,1281.5638481125761,29,1.0,1186.9987303826993,1153.3409655172418
42103376050000,1264.2876484991189,1023.1191559973553,29,1.0,1248.1454757284926,1119.1978448275859
42103376060000,1308.0728298623196,807.1761079573504,27,1.0,1280.9691980839596,892.7532407407409
42103376090000,940.9322265432855,953.0789520239505,10,1.0,1023.28943010935,945.8330000000002
42103376100000,846.5241793800453,874.1341582281467,11,1.0,962.2335935592038,858.7850000000002
42103376110000,1054.1459978858852,1137.0113939057733,11,1.0,1157.6788653811918,1108.2277272727274
42103376120000,825.1416585330802,1208.585939242099,10,1.0,937.0031765852622,1224.4270000000001
42103376130000,858.0523707157735,1276.5761236848248,11,1.0,963.7156624542963,1299.483181818182
42103376140000,846.9519924999945,946.2064984472423,11,1.0,961.3830169305057,909.2104545454548
42103376150000,725.979045837962,1014.4234479619106,10,1.0,829.8050561271826,1025.3
42103376160000,924.3640198209793,1051.4307116611249,11,1.0,1004.7043745041215,1068.9077272727272
42103376220000,1060.2914794624899,855.7781383310918,34,1.0,1009.9025942231664,1027.0190588235291
42135031200100,1000.1826659567977,31.01000000000022,1,0.9344167858359558,1000.1826659567977,31.01000000000022
42135031640100,1000.015861008879,31.01000000000022,1,0.8132249508193965,1000.015861008879,31.01000000000022
42135302740100,,,0,,,
42135381080100,,,0,,,
42135384700000,1651.9029407854262,93.57807799543372,2,1.0,1700.5285127836403,96.38499999999931
42135385180000,1135.6398679412157,64.34803801342383,2,1.0,1135.290703630374,64.38000000000011
42135386380000,1721.0568818846057,106.71229539352213,2,1.0,1711.0177603741636,106.38500000000022
42135388190000,1168.932408362462,63.463580629444465,2,1.0,1169.0983692992118,63.42000000000007
42135394050000,1696.5508428007925,96.7558317602448,2,1.0,1696.536156311977,96.75500000000102
42135394060000,1806.082860292218,84.62246147803263,2,1.0,1796.6578934875026,83.875
42135413340000,,,0,,,
42135421490000,,,0,,,
42135423690000,,,0,,,
42135423720000,,,0,,,
42135425210000,1748.7341949384518,76.65007978956271,3,1.0,1696.150554014452,76.74166666666679
42135425280000,1193.0954563487667,3.430000000000291,1,0.9989517029967326,1193.0954563487667,3.430000000000291
42135425290000,1192.9958300674953,3.430000000000291,1,0.9894080542286653,1192.9958300674953,3.430000000000291
42135426170000,,,0,,,
42135428060000,,,0,,,
42135428210000,1308.1703714837367,57.25450000000001,1,1.0,1308.1703714837367,57.25450000000001
42135428370000,,,0,,,
42135428370100,1106.5258381035599,48.95824083924698,2,1.0,758.6336989361067,35.4375
42135428650000,2306.7287131895564,98.06999999999971,1,0.5401639392017431,2306.7287131895564,98.06999999999971
42135430880000,1701.8567675522609,38.819827770526764,3,1.0,1707.0977307075666,38.889333333333525
42135431410000,1095.6416029928887,51.125,1,0.7706154639503667,1095.6416029928887,51.125
42135431570000,1491.5167616866145,22.875,1,0.9671728335484321,1491.5167616866145,22.875
42135431580000,1308.1371241933757,57.25450000000001,1,0.9284735691490218,1308.1371241933757,57.25450000000001
42135433170000,1744.4731587843885,67.61460893428486,3,1.0,1735.4954926888406,66.03333333333346
42135433940000,1709.2636183165064,36.61019728083957,3,1.0,1706.4964943201737,36.8093333333336
42135433990000,1311.788006585443,15.319999999999707,1,0.9996114437374465,1311.788006585443,15.319999999999709
42135434110000,145.51240363048103,6520.925000000001,1,0.476457123520898,145.51240363048103,6520.925000000001
42135434230000,1737.6190079607582,45.33232922414997,3,1.0,1758.9609501986404,46.91333333333356
42135434240100,1783.095594781455,53.2319270477992,4,1.0,1795.5155257801716,54.03624999999943
42135434250000,1701.4885514454832,46.01892748781609,3,1.0,1695.329152389263,46.26500000000002
42135434800000,,,0,,,
42135435420000,1254.411300307362,41.090000000000146,1,0.9953103857977231,1254.411300307362,41.090000000000146
42135435430000,1254.411224069748,41.090000000000146,1,0.9868757904595814,1254.411224069748,41.090000000000146
42135435450000,1718.664563447056,14.770887167994559,4,1.0,1715.800633149652,14.6574999999998
42135435480000,1641.3132314716734,10.84934803385885,2,1.0,1642.4949219239256,10.829999999999927
42135435490000,1454.7404443334665,18.43701104158255,3,1.0,1462.3125597920891,18.455000000000535
42135435980000,1958.9079712998291,20.848154161492506,5,1.0,1951.965931960176,20.215100000000348
42135436130000,668.0978894514185,546.0370633187215,3,1.0,670.6251293172136,544.852666666667
42135436140000,665.1238104422474,255.38029341971023,3,1.0,667.592301123468,253.17599999999948
42135436500000,1027.932779330083,49.289999999999964,1,0.9882444045246971,1027.932779330083,49.289999999999964
42135436550000,1633.2462584711113,38.320011528457016,3,1.0,1651.0836864666996,38.45399999999942
42135436570000,1446.5008282850072,12.85737040573869,2,1.0,1449.5574756198537,12.917499999999563
42135436580000,1560.8224427671303,17.183065114212123,3,1.0,1560.6673401351352,17.166666666666362
42135436830100,,,0,,,
42135437000000,1463.6532206059048,43.43106973116878,2,1.0,1463.9186005322008,43.42750000000001
42135437180100,,,0,,,
42135437190100,,,0,,,
42135437310000,1898.7239531354514,37.565000000000055,1,0.9999999999999998,1898.7239531354517,37.565000000000055
42135437420000,1048.5576648408999,291.22519667120656,3,1.0,1043.6387806469154,290.1980000000003
42135437430000,665.2634027769293,253.16892883524838,3,1.0,665.2653742982534,253.17599999999948
42135437640000,,,0,,,
42135438050100,2322.55350411139,69.20699999999852,1,0.5054576708911012,2322.55350411139,69.20699999999852
42135438130000,1370.0976466052991,153.7865593482785,5,1.0,1369.998425658801,153.77259999999916
42135438140100,1126.7978300261168,150.97770854269328,5,1.0,1122.9431234785482,151.4441999999999
42135438150100,1122.6833272611937,152.48557845138194,5,1.0,1122.8715306695478,151.7605999999996
42135438160000,1371.9415339614648,160.57386746466747,5,1.0,1374.0710203690555,161.05400000000046
42135438170000,1617.816089061769,127.27537538297668,4,1.0,1622.145422406607,126.36699999999973
42135438230000,2196.4978014665726,68.44050000000061,1,0.9639773927955931,2196.4978014665726,68.44050000000061
42135438240000,1536.727841623183,130.14273757699874,4,1.0,1532.186762011527,131.08275000000003
42135438520000,2559.4966141752557,111.78499999999987,1,0.9999707099718753,2559.4966141752557,111.78499999999985
42135438780100,,,0,,,
42135438800000,661.3582449117936,273.2039999999997,1,0.9999714744751613,661.3582449117936,273.2039999999997
42135438810000,661.357758664904,273.2039999999997,1,0.9965676827199612,661.357758664904,273.2039999999997
42135438850000,1101.589745912081,440.6116531323957,2,0.5491343940386078,1095.9119336521367,439.5397499999999
42135438940000,2238.7915146640435,68.69756576711971,2,1.0,2259.536463399885,68.82374999999956
42135439050000,1904.755446671194,47.726408644354954,2,1.0,1908.0629525184518,47.7180000000003
42135439060000,1392.7912105383532,15.103500000000167,1,0.9817208430723643,1392.7912105383532,15.103500000000167
42135439160000,1608.713443725111,20.904588669023813,3,1.0,1688.5733017127613,23.223500000000058
42135439170100,1862.3983486110283,32.56633958619974,2,1.0,1874.4740468261032,32.25200000000041
42135439170200,1567.2980778126189,38.43670989173023,6,1.0,1560.1733751155698,38.30750000000004
42135439300000,593.2545180453158,309.5534703009526,2,1.0,593.2542949007908,309.5660000000007
42135439310000,302.4708759671103,431.45404739503255,2,1.0,305.76212072459333,429.28700000000117
42135439320000,301.26787841922766,500.81160143893266,2,1.0,304.62767106627143,499.41100000000097
42135439380000,994.889108959126,152.41253830165647,3,1.0,994.8833657217741,152.40600000000086
42135439390000,695.5271833962456,436.4053878475516,3,1.0,690.8898165489555,436.5433333333319
42135439400000,688.0115155395017,154.39883140083856,3,1.0,692.3874112268187,151.15300000000025
42135439410000,1206.7349128599903,154.05312868478856,3,1.0,1218.3333341718599,151.15300000000025
42135439570000,1506.991790161761,41.33599999999933,1,0.9927425382652586,1506.991790161761,41.33599999999933
42135439580000,1490.098597543702,49.655850363115846,2,1.0,1490.3292780898723,49.54224999999951
42135439590000,1517.0849099148259,34.19568203809235,2,1.0,1516.9446455000125,34.271749999999884
42135439600000,1560.2334057644528,10.795000000000073,1,0.9906283574633444,1560.2334057644528,10.795000000000073
42135439760000,2559.2334831977114,111.78499999999985,1,0.9706174322162416,2559.2334831977114,111.78499999999985
42135440780000,,,0,,,
42165351700100,795.5588578664044,4.549467013950158,2,1.0,737.0301450127427,5.227499999999964
42165351740100,986.6250240363253,4.435701811771081,2,1.0,968.0774579085282,4.914999999999964
42165353260000,,,0,,,
42165354940000,578.8410905282116,9.506771812986882,2,1.0,570.9052626746897,9.517499999999927
42165380580000,1230.6603014177533,44.903899533282086,2,1.0,1237.0158357068958,44.8100000000004
42165384090000,1397.032080508442,18.934095689877005,2,1.0,1408.3640744893212,16.88250000000062
42165384120000,1516.8734764983262,33.3819179143844,6,1.0,1321.017425099052,36.55916666666599
42165384950000,1271.1605890294377,109.44321774531852,5,1.0,1304.1977367433374,108.92000000000007
42165385000000,1818.9102097734408,53.676350518448885,3,1.0,1828.6467999659305,52.901666666667246
42165385010000,1546.0715245904007,17.370864485449747,6,1.0,1529.795698822528,18.29833333333333
42165385040000,1748.6057015555004,100.8006350871612,3,1.0,1802.9099587805583,93.97833333333286
42165385070000,1627.254197931691,23.68187681031087,4,1.0,1594.4426826900558,23.8112500000002
42165385080000,1346.5750893285006,16.569237158332374,4,1.0,1257.8380226180193,18.17750000000001
42165385470000,1536.1154284451839,32.98500000000058,1,1.0,1536.1154284451839,32.98500000000058
42165385690000,1430.0598826514065,89.14134535806501,4,1.0,1438.5827745951192,89.27487499999961
42165385790000,1244.3311384591177,72.68145716793362,2,0.9924907797208087,1252.6196276595065,73.01499999999942
42165385900000,1555.3635935595032,10.352904959651733,5,1.0,1557.2889490079424,10.319000000000234
42165386010000,1784.4445959874538,11.196170635856182,4,1.0,1791.6199727546514,11.312500000000227
42165386050000,2167.8447448099982,24.8180635212077,3,1.0,2085.1296559348134,23.968333333332946
42165386080000,1447.1841913907813,14.502092475255075,3,1.0,1482.8230475905068,14.6883333333332
42165386090000,1407.1544863829777,16.216829616436566,5,1.0,1431.8539258997869,15.924999999999818
42165386100000,1325.1004664320355,7.276248495306694,4,1.0,1351.9866541055699,6.953750000000355
42165386190000,1419.3879939114702,16.469860911969583,3,1.0,1451.7371508825229,15.096666666666957
42165386230000,1497.5597410238177,12.864999999999782,1,1.0,1497.5597410238177,12.864999999999782
42165386240100,1344.2987754139667,18.413150625256446,2,1.0,1344.1120950842296,18.417500000000473
42165386250000,1680.5574765742956,20.007448705928418,2,1.0,1659.8683740933693,19.199999999999818
42165386260000,1162.3853895489606,34.99619086855496,3,1.0,1212.0972749524792,34.29166666666697
42165386300000,1655.091472982327,21.110322540215737,5,1.0,1665.0232628889316,20.724999999999817
42165386330100,1893.8933642587351,9.354999999999563,1,0.9999226639680239,1893.8933642587351,9.354999999999563
42165386500000,1603.9940266456,91.79802457400744,4,1.0,1822.073880638661,83.86124999999947
42165386510000,,,0,,,
42165386520000,1399.3284037637618,51.379827043125545,4,1.0,1479.32423656442,39.26625000000013
42165386530000,1081.6946831974576,90.03699661069746,4,1.0,1237.3387459167484,91.60249999999905
42165386540000,1739.0622339037084,98.84904604571159,7,1.0,1636.0012485349325,93.46607142857154
42165386560000,1287.96781470478,79.41577830307075,2,1.0,1378.6737855304168,95.90024999999969
42165386580000,,,0,,,
42165386590000,1304.6188683232351,44.11448629132528,5,1.0,1263.588120411359,43.751000000000204
42165386600000,1653.1601118411363,42.66249802413001,5,1.0,1673.2168199276857,43.233000000000175
42165386690100,1253.2043581289565,88.78158361642295,5,1.0,1196.8952782608828,85.2278999999995
42165386950000,1461.4146546219126,62.74696267469301,3,1.0,1484.6382860138272,59.13649999999992
42165386960000,1859.0791887631772,52.87672608650804,2,1.0,1861.8671102033359,52.91750000000002
42165386980000,896.3314245682419,17.847675942616434,2,1.0,896.3193547453013,17.8474999999994
42165387000000,871.1823552822142,42.88690647679011,2,1.0,854.2170330975837,45.64749999999958
42165387010000,910.0669458077349,36.55999999999949,1,0.9935527985184663,910.0669458077349,36.55999999999949
42165387020000,1286.4067961468736,72.91315479941423,3,1.0,1485.2449384301647,70.10649999999987
42165387240000,,,0,,,
42475348300000,1299.9525392412406,69.91045311268043,2,1.0,1300.0200267160383,70.20750000000044
42475348770100,867.068518433237,69.0681659524692,3,1.0,899.7877416596599,71.78333333333406
42475348770200,909.4926204912915,71.98657732290091,3,1.0,902.0769637599102,71.78333333333406
42475349100000,2132.3569917297255,235.65499999999884,1,0.4273073486777762,2132.3569917297255,235.65499999999884
42475349270000,1322.1105198020632,190.03499999999985,1,0.4302698955574925,1322.1105198020632,190.03499999999985
42475349600000,1454.3845048450987,131.76217087572348,3,1.0,1443.1905931892022,129.60999999999999
42475351120000,2011.0670799514562,565.2517195580946,2,1.0,1985.1347283705477,542.0599999999995
42475356120000,,,0,,,
42475356150000,,,0,,,
42475360730000,1479.318925938297,115.21500000000196,1,0.6846479063528575,1479.318925938297,115.21500000000196
42475360740000,1480.0741681162415,115.21500000000198,1,0.5566997314798339,1480.0741681162415,115.21500000000196
42475361450000,,,0,,,
42475363360000,,,0,,,
42475363380000,,,0,,,
42475369340000,,,0,,,
42475372970100,1431.83710508601,747.9954117988086,6,1.0,1470.4546283681302,735.8033333333341
42475373130100,,,0,,,
42475373470000,,,0,,,
42475373950000,680.3039308462395,2850.31718715235,2,1.0,686.4557547742686,2850.5499999999993
42475375010000,,,0,,,
42475375020000,1442.1463802136614,3669.9534954840246,2,1.0,1469.229593218551,3673.2124999999996
42475376690300,,,0,,,
42475378640000,,,0,,,
42475379960100,2262.825685664049,10532.225,1,0.4676655209716026,2262.825685664049,10532.225
42475380950100,,,0,,,
42475381220000,484.76580474503584,867.9939999999988,1,0.9998732430377475,484.76580474503584,867.9939999999988
42475383430000,1288.2130262970682,952.3372495138027,4,1.0,1329.0157938702578,985.7645000000002
42475383440000,702.5010013289176,885.3539433239937,3,1.0,715.517839781119,886.3460000000001
42475383450000,716.3960502032493,331.001075801229,3,1.0,721.7680483627265,321.74299999999977
42475383460000,1298.2223537502678,349.3900093681669,3,1.0,1308.2148691161108,345.85066666666535
42475384580000,735.3118036638433,105.91435648729528,3,1.0,731.533023307525,105.65783333333457
42475384640000,1249.9554167625092,594.0575603367338,4,1.0,1341.554392169094,794.1621250000007
42475386280000,1174.6912011349089,602.5492462078879,3,1.0,1336.1716363308453,523.7116666666674
42475386280100,1794.3124971076065,135.3199999999988,2,1.0,1794.3124971076063,135.3199999999988
42475386290000,857.6646572115633,1173.9689844236755,4,1.0,873.3465306195526,1206.0900000000001
42475386300000,1388.3358840505655,387.0400020054756,5,1.0,1316.1813202618955,423.298000000001
42475386310000,1839.8684195056694,352.4471066110861,6,1.0,1900.061474362312,385.8675000000006
42475386380100,1782.0607565756873,926.6949200797362,5,1.0,1786.6068770167608,1026.3080000000004
42475386390000,1577.8315904028427,909.3725720786158,6,1.0,1566.4968079653672,1053.6189999999997
42475386400000,1554.7468423867847,772.7984295888486,6,1.0,1429.276993385368,938.5689999999995
42475386700000,1659.0814852008816,183.79288029244202,2,1.0,1795.015212411606,197.85499999999956
42475387270000,1007.8640418010816,66.43051827850213,3,1.0,1005.2404757451692,66.27316666666714
42475387280000,734.4325258917886,81.99652146285422,3,1.0,732.1950474016254,82.184833333334
42475387520000,1207.2369862239864,3389.018623944735,6,1.0,1193.0525603218275,3206.5576666666675
42475387530000,,,0,,,
42475387540100,1006.6309582379413,1198.3628479025851,2,1.0,936.1343789162273,1428.7425000000003
42475387550100,1168.5618138147568,1155.683499380594,2,1.0,1119.3891221266094,1435.6775000000016
42475387560000,1679.4925066229862,1256.5785554958309,5,1.0,1772.0309074863362,1652.9582999999998
42475387570000,1675.4296188802155,1297.1231624164354,6,1.0,1628.8187759288494,1497.5144166666666
42475387810000,,,0,,,
42475388930000,1374.951807064825,154.39999999999964,1,0.9999999999999998,1374.951807064825,154.39999999999964
42495013680100,1815.625062857976,49.18499999999949,1,0.9468263167117251,1815.625062857976,49.18499999999949
42495036930100,,,0,,,
42495303180100,,,0,,,
42495323780000,,,0,,,
42495327590100,,,0,,,
42495329180100,,,0,,,
42495331630000,2408.249154774668,140.85499999999956,1,0.466686144246774,2408.249154774668,140.85499999999956
42495331630001,2408.249154774668,140.85499999999956,1,0.466686144246774,2408.249154774668,140.85499999999956
42495332880100,,,0,,,
42495333680000,1823.6079846974,51.9338333333332,3,1.0,1823.6079846973998,51.93383333333319
42495334050000,,,0,,,
42495334220000,30.000130001466104,19.174999999999272,1,0.44023536054414686,30.000130001466104,19.174999999999272
42495334227000,,,0,,,
42495334230000,,,0,,,
42495334360000,1413.0582088874148,2815.0086163016617,10,1.0,1423.3120613392534,2802.1437000000005
42495334390000,1798.7364511766789,11.231159228039472,3,1.0,1774.9847993304445,12.32633333333312
42495334400000,2123.1447755435165,66.05701232349946,4,1.0,2210.7255834177836,62.162750000001324
42495334470000,14.655445126375364,37.235499999998865,1,0.9998537686809303,14.655445126375364,37.235499999998865
42495334477100,14.655387097141917,37.235499999998865,1,0.8386844042222548,14.655387097141917,37.235499999998865
42495334640000,658.7349576311225,25.475276228147155,2,1.0,755.5195725387509,22.93500000000131
42495334640200,834.9869343131323,38.34650176716635,2,1.0,735.6037112151383,38.69999999999891
42495334650000,1568.979536929791,3123.5345869540583,9,1.0,1568.8600202015073,3123.5776666666666
42495334690000,,,0,,,
42495334720000,,,0,,,
42495334770000,,,0,,,
42495334870000,,,0,,,
42495334930000,,,0,,,
42495334940000,,,0,,,
42495334960000,,,0,,,
42495335050000,1234.186963360485,44.214777056592375,4,1.0,1057.2263550865734,40.82225000000062
42495335057000,,,0,,,
42495335130000,1264.0837520406935,667.9210683236942,4,1.0,1207.9573870697304,796.8952500000005
42495335140000,1064.4656468994217,668.3354836199982,4,1.0,1105.4680868847233,795.7177500000003
42495335150000,1506.8833272546706,1433.2352186555895,4,1.0,1494.872360068795,1565.51525
42495335160000,1145.4818090174272,144.48500000000058,1,0.8897131936523006,1145.4818090174272,144.48500000000058
42495335170000,1145.5143993398797,144.48500000000058,1,0.7212717853060767,1145.5143993398797,144.48500000000058
42495335250300,1446.610575627943,31.256383664745876,4,1.0,1451.1044940541503,30.268749999999272
42495335270000,1588.035526824672,321.5822564113926,2,1.0,1582.1642977036413,323.3267499999997
42495335280000,1723.5811200065846,34.94847634117929,2,1.0,1774.1666934932698,36.1527500000002
42495335370000,1195.2636120614973,28.5905567502759,4,1.0,1035.985469894569,24.76975000000084
42495335380000,1364.6867118901214,31.384602694016188,4,1.0,1399.5033298017167,25.49350000000095
42495335460100,1095.8060635056058,51.125,1,0.9999999999999994,1095.8060635056058,51.125
42495335470000,,,0,,,
42495335520000,1184.120155077364,2826.6952065622067,9,1.0,1176.7713929405256,2771.9428888888883
42495335560000,505.15357653430345,92.1990032773627,2,1.0,513.4799065177002,92.40249999999924
42495335560100,491.7269146039889,54.27932872421568,2,1.0,529.6264838511408,52.13249999999971
42495335570000,1013.9340300071484,66.59736801687617,2,1.0,1014.9742174105479,63.99499999999989
42495335590100,,,0,,,
42495335710000,2368.1448706483748,323.08792769469534,2,1.0,2362.712422762739,329.5559999999996
42495335860000,2627.6552612503688,62.469999999999345,1,0.9998857949632758,2627.6552612503688,62.469999999999345
42495336090000,1238.76841274869,43.64404498050617,2,1.0,1253.4741825913231,45.49025000000074
42495336110000,1455.1095136017723,43.11356141257625,2,1.0,1445.320108818445,46.42274999999972
42495336120000,920.9102926574307,31.69219670452633,3,1.0,966.1369522774413,32.8899999999982
42495336120100,1042.192776129603,17.05096938109101,3,1.0,967.4702726990004,17.39333333333222
42495336130100,1396.3585665898954,62.97999999999956,1,0.9421051451430508,1396.3585665898954,62.97999999999956
42495336210000,1621.405116124493,53.35000000000127,2,1.0,1621.405116124493,53.35000000000127
42495337250000,,,0,,,
42495337300000,2601.6344452396806,51.09786664302802,2,1.0,2602.875294370536,51.640249999999924
42495337350000,,,0,,,
42495337520000,1814.8308348703843,2731.3624999999993,1,0.982831002648382,1814.8308348703843,2731.3624999999993
42495337530000,29.09164706161089,72.73700000000008,1,1.0,29.09164706161089,72.73700000000008
42495337530100,29.09022388866668,72.73700000000008,1,0.651020548627759,29.09022388866668,72.73700000000008
42495337650000,1372.160571550607,3417.5253324478917,4,1.0,1381.2428371954913,3414.6603749999995
42495337760100,1827.6830746971068,30.89099999999962,1,0.9334725528813655,1827.6830746971068,30.89099999999962
42495337780200,2126.145074960563,18.05689519543314,3,1.0,2132.7465776015533,18.389333333333223
42495337810000,1308.0762683849357,640.3603446791482,2,1.0,1316.0810854755364,640.4242499999996
42495337930000,2052.411445696884,93.41596752378247,3,1.0,2111.0313904410905,92.99049999999988
42495338010000,,,0,,,
42495338040100,763.2816513030756,1744.4512285701853,2,1.0,763.8208156043415,1745.6850000000004
42495338040200,904.9440562732538,2211.8069028587024,2,1.0,723.7391395560575,1767.8250000000007
42495338410000,1855.9183854064775,145.21399999999994,1,0.49831582813094893,1855.9183854064775,145.21399999999994
42495338420000,,,0,,,
42495338510000,2348.3330624904784,21.16529906291418,2,1.0,2225.73040704264,23.45550000000003
42495338590000,2143.3728873556074,35.49985244530463,2,1.0,2146.7836649014957,35.6274999999996
42495339290000,1453.910644900491,3474.944910425771,2,1.0,1464.2671083415894,3469.2300000000005
42495339960000,1542.7242157952358,50.76659227117664,2,1.0,1536.9695741691903,51.32999999999993
42495340220000,,,0,,,
42495340480000,1714.5370773724546,22.325000000000728,1,0.9997672908756994,1714.5370773724546,22.325000000000728
42495340560100,,,0,,,
42495340800000,929.5376410176334,3562.0489906074613,2,1.0,975.474729790647,3564.5840000000003
42495340810000,2468.025539500139,47.649999999999636,1,0.9696439451669717,2468.025539500139,47.649999999999636
42495340950100,1784.693683932574,56.25500000000011,1,0.9973763136736957,1784.693683932574,56.25500000000011
42495341370100,,,0,,,
42495341540000,,,0,,,
42495341670000,1825.543017795694,23.604999999999563,1,0.9985354142284095,1825.543017795694,23.604999999999563
42495342170100,1323.7491657851629,657.5275000000001,1,0.9565860948739601,1323.7491657851629,657.5275000000001
42495342610000,1672.696989683029,1375.684386216025,2,0.9143145705358161,1679.64171528948,1365.6812499999996
42495342620000,,,0,,,
42495342820000,2335.1096291565846,21.57499999999891,1,0.9628207777111925,2335.1096291565846,21.57499999999891
42495342880000,1461.6685441231748,1868.6719156323138,2,1.0,1422.0221408422062,1583.3255000000008
42495343090000,1653.1565242700476,4.4979999999995925,1,0.2031541915219822,1653.1565242700476,4.4979999999995925
42495343120000,419.9092195279284,32.69249533844999,3,1.0,593.6678870600064,34.90466666666604
42495343120100,386.66369598365765,31.254928288548854,3,1.0,594.9937817368658,34.90466666666604
42495343120200,387.67199421125304,49.840683747239716,3,1.0,594.9799074175083,56.79799999999947
42495343160000,756.4429235642995,31.650884657974505,2,1.0,756.414713008132,31.650000000001
42495343160100,900.4763054824559,30.270004760436244,2,1.0,795.2252589367447,27.66000000000031
42495343460000,2623.704563598326,16.020000000000437,1,0.9978783218185261,2623.704563598326,16.020000000000437
42495343490000,49.28601668118805,96.37099999999919,1,0.9271457027180356,49.28601668118805,96.37099999999919
42495343497000,49.33995079763189,96.37099999999919,1,0.9996697383010353,49.33995079763189,96.37099999999919
42495343720000,1814.7957030288937,2731.3624999999993,1,0.9892672228192356,1814.7957030288937,2731.3624999999993
42495343910000,2110.298284174094,69.0392862975389,2,0.9123504857949831,2113.9588191194525,68.58625000000029
42495344440000,1323.73652034671,657.5275000000001,1,0.6902109130831008,1323.73652034671,657.5275000000001
42495345580000,1628.1046042608368,82.52349999999933,1,0.9999999999999996,1628.1046042608368,82.52349999999933
42495345590000,1818.1680584625628,45.227613891574144,2,1.0,1958.110015726777,34.539999999999964
42495345740000,,,0,,,
42495345800000,1774.7603755500913,69.51584272439017,2,1.0,1774.7845806205519,69.50975000000017
42495346020000,1465.335653558656,1034.6789282049253,10,1.0,1474.5147753191745,1083.0851999999998
42495346120000,1264.8806867624448,689.8200315115042,2,1.0,1271.3456552883054,689.7629999999999
42495346130000,1338.6084265165616,267.3849374263776,5,1.0,1333.4813884073908,263.5258999999993
42495346360100,1957.3789600440248,60.32900000000063,1,0.9773097386490806,1957.3789600440248,60.32900000000063
42495346380000,1222.168652806462,751.1521426069102,9,1.0,1197.0939888945816,831.1582222222225
42495346390000,2122.8138363606167,254.849414653099,3,1.0,2081.3687226825145,244.10400000000058
42495346430000,1882.2664311923618,84.34235629510302,2,1.0,1887.1622706592357,82.78675000000021
42495346440100,1669.768956048134,61.57349999999952,1,0.9581926506340268,1669.7689560481338,61.57349999999951
42495346450000,1685.0928116785965,665.3926869718587,10,1.0,1677.8106196599097,745.2828
42495346490000,1675.2193054963127,68.49715066395295,3,1.0,1705.7854943320347,71.06066666666659
42495346500000,928.9587877174793,3114.5554579618138,4,1.0,1043.315789506498,3120.8785
42495346510000,,,0,,,
42495346590000,1687.2670039803081,37.53349742461072,2,0.9244130397033233,1687.4143291516334,42.55124999999998
42495346770100,,,0,,,
42495346820000,1419.9643039792218,909.4801242773898,4,1.0,1221.9615824888242,874.4362499999997
42495346827000,,,0,,,
42495346930000,1679.0274155827226,99.64897009255394,3,1.0,1659.6274201680599,102.58800000000004
42495347520000,1274.2432897025376,399.14284775435004,7,1.0,1281.0170268619179,481.5354285714285
42495347780000,1286.9166704130441,67.57133688039201,2,1.0,1193.1774025195282,67.41199999999981
42495347810000,1830.6643797092024,28.5294674751478,2,1.0,1830.8014880639907,28.6232500000001
42495347910000,925.6714452017427,10.644150212295747,2,1.0,955.7105127989639,10.52349999999933
42495347910100,925.2482349900577,11.118215170757361,2,1.0,955.3356813158011,11.012749999999414
42495348010000,1801.71164593143,9.046500000000378,1,0.914191429195475,1801.71164593143,9.046500000000378
42495348040000,1772.2898166302082,41.336024898782284,2,1.0,1764.894813535404,42.79349999999977
42495348060000,1784.6985458544789,56.25500000000011,1,0.9323507197971848,1784.6985458544789,56.25500000000011
42495348220000,1790.1144562986037,473.9670044642543,3,1.0,1800.763081570384,472.8253333333335
42495348240000,1461.3079350009336,688.0427839837412,10,1.0,1453.328324951773,752.4741000000001
42495348310000,1443.8244076309788,152.53449999999975,1,0.9644787315531773,1443.8244076309788,152.53449999999975
42495348370000,1401.641055625163,408.888731558299,7,1.0,1399.2442104246536,498.71014285714256
42495348510000,1883.0789864966698,67.31089431402657,3,1.0,1901.8767450938747,69.22383333333285
42495348610100,,,0,,,
42495348610200,654.9648712205097,1391.9123853388896,3,1.0,540.5233226063311,1227.4333333333334
42495348610300,447.2411318535605,1644.5733045861746,3,1.0,336.06768134459753,1227.4333333333334
42495348780000,1287.0023938792717,363.3506114706445,2,1.0,1295.3792696901999,361.0710000000008
42495348790000,1615.5088756022028,702.4835289789223,10,1.0,1609.0036712585566,769.7713500000001
42495348800000,1847.687022223344,380.60602224946865,9,1.0,1862.1584477142014,442.77411111111115
42495348860000,1753.0972910126316,56.191740019781875,3,1.0,1756.492001723312,56.08799999999974
42495349120000,1617.0330642262165,130.08680072571477,9,1.0,1616.3115036685451,129.86994444444463
42495349280000,1542.166668317015,746.4258000902057,9,1.0,1524.7370086146816,826.9545
42495349390000,1530.322763588082,435.54515495746267,7,1.0,1537.0979478851602,520.7531428571427
42495349450000,1822.3889535787882,40.58968956743647,2,1.0,1822.3950305168803,40.58674999999994
42495349470000,1469.5710693114402,871.5005133884401,4,1.0,1436.994480108223,888.5133749999998
42495349660100,1474.9524714698641,156.7884351605181,6,1.0,1474.6426037695128,156.87333333333376
42495349670000,1268.6156185859918,173.5505063550758,7,1.0,1268.3886049691287,173.55928571428598
42495349680000,1179.9671143293358,164.1132269803023,8,1.0,1237.1281806054105,158.2925000000006
42495349690000,1036.019767374372,185.4482214666902,8,1.0,1081.3410767132207,191.89437500000008
42495349700000,1000.2948252168887,158.16038967216292,8,1.0,1028.8047707862513,154.07812500000034
42495349710000,1244.1370209154943,325.3412185412365,10,1.0,1351.7686489908592,467.6208000000003
42495349720000,1353.5765006883312,309.2206430040646,10,1.0,1393.692863637888,449.2277000000005
42495349730000,1442.8265091071096,329.59811673336793,10,1.0,1460.9385886701725,471.38880000000034
42495349930000,2338.3524684609943,21.57499999999891,1,0.9710614878427825,2338.3524684609943,21.57499999999891
42495349940000,,,0,,,
42495349940100,1811.584238828084,43.69870789089369,3,1.0,1518.6660912031482,41.93083333333319
42495350120000,1314.786510221452,1160.0901960594465,10,1.0,1314.537108858976,1218.0735
42495350130000,1314.9366042664326,991.1512528079936,10,1.0,1315.3836745567587,1078.5225000000003
42495350180000,1756.9516816319417,42.36170526454765,2,1.0,1751.288429980008,39.74250000000029
42495350660000,,,0,,,
42495350740000,1283.6765995988387,382.1358406166351,7,1.0,1364.5373307325788,502.8252857142857
42495350750000,1263.7737956106225,441.8937269129047,7,1.0,1424.2493148138121,568.619642857143
42495350750100,1272.1388145624276,472.18232801747627,7,1.0,1412.3454350922723,593.341785714286
42495350820000,,,0,,,
42495350890000,1978.625899311728,1013.6495811249163,3,1.0,1995.4320949618202,1169.013666666667
42495350960000,1815.8698316429561,49.18499999999949,1,1.0,1815.8698316429561,49.18499999999949
42495351160000,,,0,,,
42501348840100,,,0,,,
42501359020100,,,0,,,
42501359030000,1431.6678563836288,20.38500000000022,1,0.8295403675099275,1431.667856383629,20.38500000000022
42501359990000,1593.9238369562986,68.94496003913312,5,1.0,1597.3789439579527,68.75909999999985
42501360810000,,,0,,,
42501361270000,1648.7613634861202,50.50862095612048,6,1.0,1650.6464040638705,50.198166666666715
42501361930100,16.149509066155538,23.30000000000109,1,0.9999994674240935,16.149509066155538,23.30000000000109
42501361930200,16.145066280492237,23.30000000000109,1,0.5763233145246766,16.145066280492237,23.30000000000109
42501362410000,,,0,,,
42501362670000,1981.8704513733148,26.287280806344008,2,1.0,1975.3409552142025,26.382500000000164
42501363990000,1208.050542527737,90.64838670299608,5,1.0,1218.9899368254664,89.63860000000004
42501364000000,1394.2617181316302,90.15257960098045,5,1.0,1396.7825981821056,89.15860000000029
42501364010000,1715.2659845464527,58.065248628214896,5,1.0,1704.0534912161118,57.29349999999995
42501364050000,1431.6627343838916,20.38500000000022,1,0.9983929615081557,1431.6627343838916,20.38500000000022
42501364240000,1083.5032622826006,6.799999999999272,1,0.9983043313369895,1083.5032622826006,6.799999999999272
42501364270000,1319.9773748683006,27.669735536286296,2,1.0,1319.9486465570158,27.700000000000273
42501364300000,890.5779229422876,2.7399999999997817,1,0.9959569237788637,890.5779229422877,2.7399999999997817
42501364320000,,,0,,,
42501364380000,1751.8278068294678,39.20689907221341,4,1.0,1742.6671356482163,39.76112499999954
42501364750000,1641.6972746278732,51.94530941614477,5,1.0,1652.4613585715,50.9260000000002
42501364760000,1442.9533107328439,51.78607355274709,5,1.0,1443.4262452170808,51.573799999999935
42501364800000,1503.3491511499228,53.008854848370405,5,1.0,1503.3654237124051,53.00940000000028
42501364840000,1945.0743369375048,43.379237318045085,4,1.0,1928.9489657059669,43.52975000000015
42501364850000,1214.4455871520508,16.030000000000655,1,0.9999999999999998,1214.4455871520508,16.030000000000655
42501364860000,1402.6145672424607,48.252663123952864,4,1.0,1404.7313612397447,48.47075000000018
42501365010000,1890.700374668585,22.576463893922504,4,1.0,1914.5241645648712,25.087375000000065
42501365180000,1827.7440414592088,39.812298457083465,5,1.0,1827.2576771510999,39.76820000000007
42501365220000,1394.7674443004912,32.50647620511038,4,1.0,1393.814013056001,32.35212499999966
42501365230000,1563.7014605142576,43.70792828134506,5,1.0,1563.7248958205157,43.69790000000012
42501365260000,1897.8995914010009,20.50463691865708,4,1.0,2019.5730681408456,21.191250000000082
42501365380000,1435.565361373392,69.45896747859419,6,1.0,1451.5520189412691,68.50966666666666
42501365390000,824.8045407968967,11.774999999999636,1,0.9999999999999998,824.8045407968967,11.774999999999636
42501365400000,1619.1424693922706,49.74860130002727,3,1.0,1620.0480846027797,49.81316666666711
42501365410000,1701.249117784577,31.58862568082941,5,1.0,1705.718204851169,31.571500000000196
42501365520000,890.6415828511397,2.7399999999997817,1,0.9592362556757986,890.6415828511398,2.7399999999997817
42501365540000,1578.2447628802859,53.60420348407715,6,1.0,1588.300382177411,52.35233333333326
42501365550000,1484.3404390652672,60.821683299935735,4,1.0,1570.31656453021,61.339499999999816
42501365650000,1468.7326832051967,30.682965852247342,4,1.0,1466.124797092414,30.46149999999966
42501365670000,1342.2474108487231,31.948992509116966,5,1.0,1347.1876053615267,31.383599999999568
42501365690000,1355.2448261157413,18.15466887751117,3,1.0,1352.0186956656726,17.931833333333696
42501365700000,1599.2925452622549,12.929657849867528,5,1.0,1599.8464324187776,12.928099999999905
42501365710000,1341.730272820278,22.203557628171165,5,1.0,1345.9113487923416,22.099599999999917
42501365720000,1508.6786373316465,23.484038363196294,5,1.0,1512.6211670713312,23.35989999999965
42501365730000,1444.2368356907143,20.574164882685857,4,1.0,1461.7373068339127,19.96262499999966
42501365770000,1842.510953094046,32.762765437329314,5,1.0,1852.8169015348867,32.10949999999993
42501365780000,1621.7646411363537,28.15256572769424,4,1.0,1624.8460309454836,27.5306250000001
42501365790000,1467.757026134972,26.646411430221526,4,1.0,1487.142190881175,26.110625000000027
42501365800000,1622.8485273203394,55.923284166551745,5,1.0,1645.609480319395,54.39600000000009
42501365810000,1558.9208955901845,44.74041510197614,5,1.0,1563.5841174294642,44.73189999999977
42501365820000,1619.4395799208712,30.823683391475676,4,1.0,1636.2555135063967,28.13612500000022
42501365830000,1298.5090106009463,106.03514147672284,3,1.0,1298.4990184176131,106.03566666666666
42501365940000,1777.064765692622,22.337999999999738,1,0.9999999999999998,1777.064765692622,22.337999999999738
42501365970000,1407.565971456173,55.452629978469645,5,1.0,1410.563328911315,54.5336000000003
42501365980000,1488.7975110711677,48.488193692799705,5,1.0,1463.1084219355905,47.176599999999965
42501365990000,1891.2735242388694,62.59400108992452,4,1.0,1902.6656721614067,63.02749999999969
42501366000000,1561.5950411280555,27.070450234991686,3,1.0,1561.8753207462441,27.52350000000024
42501366020100,1605.3199452274382,41.849641390744374,5,1.0,1611.6272400496505,46.296400000000176
42501366030000,1397.7421033290777,47.190363759328925,5,1.0,1416.2559955929537,47.51309999999994
42501366040000,824.7606750691,11.774999999999636,1,0.8753630574331849,824.7606750691,11.774999999999636
42501366060000,1427.686626261976,51.36086274430201,5,1.0,1419.2428955425253,50.86110000000044
42501366070000,1783.1477607400848,47.45887064394528,6,1.0,1857.0565373665952,53.75683333333367
42501366090000,1816.4502559946604,27.850879594688397,5,1.0,1802.050450605439,24.51300000000065
42501366100000,1826.1729239503356,52.45831998217614,4,1.0,1763.0484093576626,58.359500000000025
42501366130000,1083.3465240535768,6.799999999999272,1,0.9848410850324026,1083.3465240535768,6.799999999999272
42501366200000,1298.1942739068545,6.097840575034146,2,1.0,1298.4268693142978,6.09650000000056
42501366210000,1396.789775679885,28.89325156426425,4,1.0,1396.789896133721,28.894000000000005
42501366270000,695.4501580648031,41.965000000000146,1,0.9978740226854909,695.4501580648031,41.965000000000146
42501366370000,1266.842246923271,49.107642013696015,6,1.0,1287.5240381041474,48.33041666666668
42501366370100,1336.704110402402,51.42566958769715,6,1.0,1299.2096681310968,49.027083333333394
42501366420000,1336.638266487234,35.079580389176904,6,1.0,1241.5216414313481,38.13050000000006
42501366470000,1420.594371165976,110.78347472453343,5,1.0,1428.3523988196039,110.40710000000017
42501366480000,1330.0111000618913,67.75734727252359,4,1.0,1533.9062549994615,60.93912500000033
42501366510000,1385.4290096466268,459.84507632166543,8,1.0,1391.858921839303,463.79925000000037
42501366520000,1513.284605084377,14.389469275113452,8,1.0,1490.1465510503797,14.4068749999999
42501366530000,1403.5217536737296,55.946776085960366,2,1.0,1542.3636995960935,47.61500000000069
42501366540100,1108.669566270928,3657.2291360215154,7,1.0,1109.7256953468761,3657.210857142859
42501366580000,1516.648904842658,25.055641909109166,9,1.0,1515.6382159139914,22.881111111111043
42501366680100,,,0,,,
42501366700100,2588.916779791049,2.350000000000364,1,0.9727915440504868,2588.916779791049,2.350000000000364
42501366750000,,,0,,,
42501366760000,1482.4095898189507,30.44750000000022,1,0.9999999999999998,1482.4095898189507,30.44750000000022
42501366800000,2366.0263237111926,1.4149999999999636,1,0.7935754353484413,2366.0263237111926,1.4149999999999636
42501366810000,1275.221751746322,39.4196592244739,3,1.0,1275.5039438744125,39.41000000000046
42501366820000,1504.2575433265404,27.03014262022355,4,1.0,1605.181435250486,30.51800000000003
42501366830000,,,0,,,
42501366840000,1507.31367103046,11.729999999999563,1,0.9939096166103568,1507.31367103046,11.729999999999563
42501366930000,1614.8617969628554,49.8584563238443,5,1.0,1617.4125397423538,48.97950000000001
42501366970000,1252.8258251602429,73.97655846659545,4,1.0,1254.4123513068412,73.85662499999944
42501366990000,1583.1525922317028,499.83498854932793,7,1.0,1581.3086393587607,534.1867142857145
42501367000100,1510.1149111023465,58.83763437971545,4,1.0,1510.1144248281253,58.837624999999434
42501367020000,1687.637222268624,29.487024360379642,2,1.0,1710.0596378205412,29.605000000000473
42501367040000,1177.7009533233515,866.3900068704488,10,1.0,1080.8231542184826,1153.4463500000002
42501367100000,1253.2493327496163,101.5931724455123,5,1.0,1259.7831289001185,100.8783999999996
42501367110000,1308.379198873758,79.79178103187854,3,1.0,1306.958429981103,80.04966666666708
42501367120000,1679.8724960360048,87.6197382123781,6,1.0,1678.6463748274236,86.1215000000002
42501367130000,1538.8136292081792,23.47232594763018,6,1.0,1540.0608497900012,23.440833333333405
42501367170000,,,0,,,
42501367180000,,,0,,,
42501367460000,1341.5067279625039,63.94974939146629,4,1.0,1343.687230804019,63.45625000000041
42501367490000,1507.4466985678687,11.729999999999563,1,0.9868246272802303,1507.4466985678687,11.729999999999563
42501367500000,1532.4641506850694,78.34026116585848,5,1.0,1531.8206790466725,78.35630000000037
42501367520000,1609.3402842395342,54.948452756576906,6,1.0,1599.5548970173522,54.89375000000003
42501367530000,,,0,,,
42501367540000,,,0,,,
42501367550000,1873.8025783882447,21.446639364419855,4,1.0,1839.1735155024755,20.37762500000008
42501367570000,,,0,,,
42501367580000,,,0,,,
42501367590000,1468.7495507511703,48.64602090263028,5,1.0,1494.1584446361926,45.763000000000105
42501367600000,1593.236946982421,68.05911415411596,5,1.0,1593.3150569918432,68.0635000000002
42501367610000,1446.5531022296827,39.61653767459379,5,1.0,1442.4354049455928,38.733399999999165
42501367620000,1629.223118068705,43.34081130190825,4,1.0,1624.3152392842856,43.286125000000084
42501367630000,1617.054572863132,53.60353080335243,3,1.0,1612.8825780956595,53.78833333333265
42501367640100,,,0,,,
42501367650000,1565.2421494899493,6.0734999999995125,1,0.898251653646312,1565.2421494899493,6.0734999999995125
42501367660000,1520.1440984511967,30.039158216990938,5,1.0,1528.692286499756,29.563600000000225
42501367670000,1862.139092380877,40.70329682735392,6,1.0,1890.2724893740403,39.00541666666671
42501367680000,1869.9312451556073,63.979774961542454,4,1.0,1868.844266678925,65.3267500000004
42501367690000,906.7282597209716,12.454009223216351,2,1.0,906.1790171508668,12.647500000000036
42501367710000,1557.877108074517,94.4508513382026,5,1.0,1580.6773026995456,94.36900000000041
42501367730000,1766.700175292213,71.74856084717075,6,1.0,1772.4108110154418,71.35324999999982
42501367760000,1700.2668452663502,22.174999999999272,1,0.9786322121950731,1700.2668452663502,22.174999999999272
42501367770000,1355.668730696849,61.8052716455677,3,1.0,1308.1862264593392,74.41166666666656
42501367780000,1608.82302652621,67.33486873594678,5,1.0,1612.3482213069917,67.14829999999984
42501367790000,1626.5175471209798,108.49767325848707,2,1.0,1647.9073220370212,108.5600000000004
42501367810000,1682.0820174088,1241.0194406409985,7,1.0,1699.3713174152326,1575.0395
42501367850000,1629.032207129125,43.98068181448408,7,1.0,1668.4395457736755,45.26692857142825
42501367880000,1804.2980830306465,10.315084269844695,3,1.0,1786.6440708770417,10.175500000000284
42501367890000,1561.2540040798804,98.33884824444084,4,1.0,1557.9902718640308,98.82400000000052
42501367920000,2220.996390068278,31.02835130945394,3,1.0,2225.9668736567432,32.3141666666661
42501367940000,1692.5581182115673,37.15685738777235,4,1.0,1684.2719203886327,36.965124999999944
42501367950000,1590.8806508907855,26.478475799193067,3,1.0,1590.8145229001382,26.74033333333288
42501367990000,1581.354947765004,31.622614354883584,8,1.0,1666.0721744805235,32.584124999999744
42501368000000,1811.208228392341,34.41860905653624,4,1.0,1821.5658482662832,36.350000000001046
42501368010000,1987.1922317473052,35.27259144556661,3,1.0,2028.2125022242806,42.88000000000011
42501368020000,1733.7847795283085,35.983420203491384,4,1.0,1704.9915169509914,34.82450000000017
42501368030000,1518.4871098418434,18.99219099944927,3,1.0,1520.4016874541169,20.82333333333342
42501368050000,1551.6539660382448,23.991260881192346,3,1.0,1551.8881723508975,24.052500000000084
42501368060000,2212.1139072441856,31.56761865099783,3,1.0,2220.819845294871,31.746333333333496
42501368070000,1511.235091508172,34.67500000000018,1,0.9569917640974062,1511.235091508172,34.67500000000018
42501368110000,,,0,,,
42501368120000,1188.3651993290493,23.34618048225461,5,1.0,1188.0967366687103,23.333000000000176
42501368140000,,,0,,,
42501368170000,1641.4533669827322,19.973302373750702,4,1.0,1649.7247189927252,20.080000000000382
42501368180000,1791.7256992817724,38.79634651408494,3,1.0,1749.0903799203254,39.697333333332914
42501368190000,1774.7287506866865,23.806809464126612,4,1.0,1773.4727810442218,23.959749999999985
42501368210000,,,0,,,
42501368230000,1603.4612520569967,13.41505197350498,7,1.0,1603.0311556655686,13.366285714286148
42501368250000,1682.6625935747973,36.885751523857294,6,1.0,1697.3387211948632,38.27024999999988
42501368260000,1476.0741132325727,11.97679047170419,8,1.0,1463.4690467190421,11.814999999999372
42501368270000,1494.539372045331,45.317785668847435,5,1.0,1557.212102075237,46.521299999999975
42501368280000,1608.6777356589337,49.94801999657271,4,1.0,1648.7738052414527,48.71487500000012
42501368300000,1823.6490289633005,14.396465313503375,3,1.0,1804.1600929519157,14.501666666667006
42501368310000,1412.5070582845199,34.623498058987856,3,1.0,1445.4889242416175,32.8701666666669
42501368330000,895.0004357966206,2906.5321405299633,9,1.0,880.2800174999068,2859.8951666666667
42501368330100,889.542254485825,2852.0545606231235,9,1.0,884.5120688953662,2837.3629444444446
42501368330200,880.936192272364,2835.749373420273,9,1.0,882.7541342802111,2844.0462777777775
42501368340000,1681.7705423437712,39.77589937260457,4,1.0,1666.6789555853736,39.341249999999945
42501368370000,1588.693341608926,19.11885654077132,8,1.0,1624.4280086437604,18.380499999999756
42501368380200,,,0,,,
42501368410000,1453.3461331469707,44.57319613441709,4,1.0,1454.3027821522628,43.52649999999994
42501368450000,1865.5408101755506,80.47885605748276,5,1.0,1822.0687312072391,77.84609999999994
42501368480000,1353.5086662903618,36.658777113309164,8,1.0,1344.6186866696462,36.92856250000011
42501368500100,1508.2152173206846,42.35174901657828,3,1.0,1550.6634378380984,49.78766666666646
42501368510000,1176.1611381795778,51.580191196060454,5,1.0,1180.3990476175095,50.82430000000077
42501368520000,,,0,,,
42501368540000,1611.1735387859937,28.019319274944962,3,1.0,1677.5721147347756,36.48333333333297
42501368550000,1470.306514977553,14.40766138565514,9,1.0,1436.8009344727827,14.903166666666948
42501368560000,1325.164976170048,38.13736000241017,6,1.0,1328.655912678336,37.58733333333354
42501368570100,1476.4339765651036,18.106634302302535,4,1.0,1479.770757631071,18.30887500000017
42501368730000,1514.1883147100614,43.96875063287696,4,1.0,1506.8049809693127,43.7475000000004
42501368750000,1700.2622732356053,22.174999999999272,1,0.9893320768227839,1700.2622732356053,22.174999999999272
42501369040000,1319.7576878568698,440.80377232928186,8,1.0,1310.283958410285,466.9640625000003
42501369050000,1641.493862976113,4.926728493792562,5,1.0,1548.4225971122842,5.626200000000244
42501369080000,1256.5867953983184,6.130715137585783,3,1.0,1265.3504687231828,6.02683333333304
42501369090000,1455.1449260129305,140.89738913107738,5,1.0,1465.8438915810198,140.2453999999998
42501369100000,1460.3308168584529,55.684429173739915,5,1.0,1466.12840797341,54.87360000000008
42501369170000,1505.6750339294595,15.328232724177768,7,1.0,1507.6904787597082,15.277285714285426
42501369180000,1560.5425040831904,135.99180922162586,2,1.0,1579.6065044536183,136.66749999999956
42501369220000,2258.8890827818404,85.44499999999971,1,0.9620661961439421,2258.8890827818404,85.44499999999971
42501369230000,1723.9607995388938,24.168500000000677,1,0.9999221986123747,1723.9607995388938,24.168500000000677
42501369320000,1650.9672818539486,19.365128345250756,9,1.0,1629.187555332784,20.70222222222209
42501369370000,1164.5118002119902,114.2619107025622,4,1.0,1166.2045559479636,113.52499999999941
42501369400000,1307.2091378984546,17.27445013889036,6,1.0,1306.3934900132538,17.27850000000035
42501369420000,1574.1067942634968,39.991647489892436,4,1.0,1558.2662773422478,38.3137499999998
42501369430000,1427.8588789299465,909.9943907806181,9,1.0,1433.574193872445,1233.8665000000003
42501369440000,,,0,,,
42501369460000,1813.6102080479884,10.289999999999964,1,0.9647137268188035,1813.6102080479884,10.289999999999964
42501369470000,2588.870284459537,2.350000000000364,1,0.8245639920714887,2588.870284459537,2.350000000000364
42501369480000,,,0,,,
42501369490000,,,0,,,
42501369500000,1316.4379798796572,27.713630346099198,3,1.0,1335.055240844808,27.549833333332874
42501369510000,1574.855041797729,115.75780928677283,5,1.0,1606.3852586118321,114.09189999999998
42501369520000,1230.9182393489614,10.805000000000291,1,0.9901129273129741,1230.9182393489614,10.805000000000291
42501369520100,738.7701001326379,4.918735939266456,2,0.7701968807088063,678.5514792388005,5.4025000000001455
42501369570000,1476.3056527953474,21.125524125888223,7,1.0,1518.5558346967725,21.035642857142843
42501369580000,2147.5974502696245,3.0679622252609557,2,1.0,2147.658534899557,3.067500000000109
42501369590000,1928.8667395779948,4.720000000000255,1,0.8294452293899593,1928.866739577995,4.720000000000255
42501369610000,1699.3293508767704,47.04271660406804,5,1.0,1697.0672711220645,46.31859999999942
42501369620000,1620.2934626106444,23.745914784806622,4,1.0,1623.5965193662446,23.72874999999999
42501369630000,1565.7623756638652,34.24460723741147,4,1.0,1571.2171254098341,32.47000000000003
42501369640100,,,0,,,
42501369650000,1621.0985111167033,86.50763139654427,4,1.0,1666.0296480828983,87.45637499999975
42501369670000,1811.636961395723,19.835000000000036,1,0.9564072430301005,1811.6369613957231,19.835000000000036
42501369690000,1402.1682321608566,11.600787668690286,5,1.0,1413.5461674682542,11.50169999999962
42501369700000,1515.6573519535084,47.14086011750879,7,1.0,1521.2146660524284,47.196571428571716
42501369710000,1419.0435058789667,46.83633582850137,6,1.0,1420.0073481280958,46.71525000000005
42501369750000,1951.8596127904154,13.180339688524464,2,1.0,1944.0544788646107,13.245750000000044
42501369770000,1151.2367250835525,32.513893446172666,4,1.0,1138.3263383007443,33.366374999999834
42501369790000,1494.799856054268,14.775952655032192,2,1.0,1494.6117139704756,14.834999999999582
42501369810100,1396.4208990797495,28.754897083897013,4,1.0,1396.4982580507076,28.76000000000022
42501369820000,1663.2954636221268,124.35184242928334,8,1.0,1658.50733634177,124.66356249999967
42501369830000,1413.178919529716,11.304154853500759,8,1.0,1397.148590524607,12.370625000000018
42501369840000,1352.6626134037083,20.68377996582349,6,1.0,1335.7054277880936,23.905916666666446
42501369850000,1502.711052906976,10.51711160776433,8,1.0,1526.3741851778734,10.69437500000015
42501369880100,,,0,,,
42501369900000,1359.860401930004,23.590425334202756,4,1.0,1361.780725231918,23.5048749999994
42501369910000,1407.72193221782,10.91247129439606,4,1.0,1421.0756033362813,10.905750000000126
42501369920000,1585.1977205594617,19.682388604837577,4,1.0,1588.6289480825026,19.770875000000615
42501369930000,1349.1363590126684,19.365531669037544,7,1.0,1411.4146659101893,18.759285714285657
42501369940000,1312.730981704153,82.91584473698752,4,1.0,1309.5630295840276,83.82937500000071
42501369950000,1511.234976151718,34.67500000000018,1,0.944748672543079,1511.234976151718,34.67500000000018
42501369960000,1930.0950777524101,7.904391243003445,4,1.0,1928.7020624311854,7.8595000000000255
42501370020000,1513.117279236702,42.46470541419946,4,1.0,1505.1578134697645,42.33450000000039
42501370030000,1374.6213823606859,12.081312115877541,6,1.0,1342.80188148639,13.140249999999924
42501370040000,1549.8590906647955,22.16669602422274,3,1.0,1550.5283452311005,22.099999999999756
42501370050000,,,0,,,
42501370060000,1387.2167372865606,6.817754277137152,3,1.0,1389.3294739621967,6.915166666666664
42501370080000,1342.438923469113,35.244587097419846,6,1.0,1312.1365630790096,35.51341666666607
42501370090000,1428.6537566313687,14.359936595261415,7,1.0,1422.0181287211885,14.254428571428305
42501370110000,1608.2508378546988,17.590648274544133,2,1.0,1632.0434696216657,17.972499999999854
42501370120000,592.481634771742,18.62946477558418,2,1.0,595.0757724728421,18.240499999999884
42501370130000,,,0,,,
42501370140000,1655.171772746078,30.398039571920254,4,1.0,1675.371216639684,30.33699999999999
42501370150000,1623.958643985349,50.244879037720665,3,1.0,1611.2509145483825,49.40833333333285
42501370160000,1813.4297359854452,10.289999999999964,1,0.8362667286219563,1813.4297359854452,10.289999999999964
42501370170000,1527.7070453333738,13.230931183466646,7,1.0,1527.5157116282714,13.343500000000079
42501370180000,,,0,,,
42501370190000,1462.4037087373247,23.428699047973716,9,1.0,1429.8319374623497,24.096500000000056
42501370200000,1254.7356951202312,13.579061994270234,4,1.0,1225.7178943420943,13.467249999999922
42501370210000,1489.4417675050925,26.367680841031493,5,1.0,1493.3676320989186,26.478400000000146
42501370220000,1577.614884246577,23.888346078239714,6,1.0,1575.6990644120315,23.858083333333372
42501370240000,1594.8551173263138,47.89804158718258,5,1.0,1499.04560298925,52.36360000000004
42501370250000,1538.930079441328,64.29093544142054,6,1.0,1508.4425129292629,65.69958333333322
42501370270000,1595.7218629338802,16.782089523344805,4,1.0,1588.1182749811778,16.687500000000227
42501370280000,1890.1372888490591,15.39431015914397,2,1.0,1878.83705156108,15.811499999999796
42501370290000,2275.405290150594,1.1754999999993743,1,0.9749981675136336,2275.405290150594,1.1754999999993743
42501370300000,1511.0270540418157,16.28744347670738,2,1.0,1513.1259013823096,16.253999999999905
42501370310000,1626.330144646302,35.35886445327546,6,1.0,1710.6790385021714,32.07658333333362
42501370320000,1624.2146855096862,34.95103244702073,7,1.0,1596.1414667050194,34.038500000000305
42501370350000,1837.1232426224735,127.45999999999913,1,0.9584219797118094,1837.1232426224735,127.45999999999913
42501370360000,1343.3313678206807,28.458475038061756,6,1.0,1345.4673008647774,28.69391666666691
42501370370000,1374.8156809889783,39.022950737116304,4,1.0,1426.3789286087458,38.908499999999094
42501370380000,1569.5146454890025,16.44808895203758,8,1.0,1625.6141870657293,16.849562499999934
42501370390000,2236.2611678377916,53.25411299653711,2,1.0,2270.1699612333596,58.4950000000008
42501370400000,1811.6928191751886,19.835000000000036,1,0.9741078448025969,1811.6928191751886,19.835000000000036
42501370410100,,,0,,,
42501370430100,,,0,,,
42501370440000,1295.4082579360008,42.214479652033226,3,1.0,1300.956303780863,42.90183333333304
42501370460000,1401.788354270064,14.930048631201437,7,1.0,1451.1630681119345,15.843500000000079
42501370480000,1378.7190360839159,10.302605961189656,6,1.0,1311.723887683159,12.420833333333576
42501370590000,1723.5957434364527,14.978222021037878,4,1.0,1764.958557393055,14.65825000000018
42501370600000,1122.7624731436374,7.197585523441909,2,1.0,1125.0810774770905,7.215500000000247
42501370610000,1249.3837424934673,5.985682392329661,3,1.0,1269.8082769535285,6.02683333333304
42501370920000,1411.8911816748507,14.722610271960859,5,1.0,1412.0888493927594,14.668199999999706
42501370930000,1292.9809127483952,38.16949999999997,1,0.9999999999999998,1292.9809127483952,38.16949999999997
42501370940000,1593.1486226927132,49.03337462664307,4,1.0,1591.475057503404,48.7674999999997
42501370960000,1379.2312982355459,32.358927938367195,4,1.0,1386.8869149977386,32.0740000000003
42501370970000,1408.6548950835663,23.203434901806606,5,1.0,1412.0019283740608,22.421400000000357
42501370980000,1732.301046796919,12.727273339538625,6,1.0,1732.3000821668877,11.257583333333514
42501370990000,1838.5432107562158,10.842363647377603,2,1.0,1818.1989765269386,10.77999999999929
42501371000000,1508.977877101995,10.271038993043193,3,1.0,1494.1189016950266,10.194833333333008
42501371040000,1554.6668348322196,23.96243178121371,4,1.0,1552.387073196881,24.161249999999654
42501371050000,,,0,,,
42501371060000,1231.1014302144306,10.805000000000291,1,0.7940411961110836,1231.1014302144306,10.805000000000291
42501371090000,1832.8240703482804,27.116484735198043,4,1.0,1898.9440367446114,28.73762499999998
42501371100000,1476.9635204001786,25.884715940350272,2,1.0,1498.2585173926798,25.736750000000484
42501371110000,1438.3511241604144,25.857330622237686,3,1.0,1436.696928769252,25.863166666666377
42501371120000,1901.0451013062266,38.56187036301277,5,1.0,1893.5419164605016,37.80149999999994
42501371140000,1734.6583321437406,21.842248129377626,3,1.0,1757.2494456800857,21.65666666666645
42501371150000,1897.3282024723571,16.78828284604342,2,1.0,1803.4489892218398,15.277500000000146
42501371160000,1598.633897658287,19.662540243531982,3,1.0,1545.548941232465,19.46000000000034
42501371170000,1389.2336956381657,15.930855213196933,2,1.0,1416.0369284540093,16.50749999999971
42501371240000,1208.8208505009256,107.11293577145189,3,1.0,1213.9377674327543,106.84499999999964
42501371250000,1644.6820024410204,18.652624997133106,4,1.0,1600.1075392719308,17.608749999999873
42501371260000,1353.6399079338191,51.83656643042688,2,1.0,1305.807766500707,55.6850000000004
42501371270000,1784.047653181654,47.86595355512309,6,1.0,1785.7085708168345,47.66991666666612
42501371280000,785.1071754358824,6.7277596155083605,3,1.0,825.2591328224224,6.9256666666666815
42501371310000,,,0,,,
42501371350000,1370.235517042494,13.28383492358525,2,1.0,1374.594028005979,13.402500000000146
42501371370000,1468.691665304523,10.822378361608983,5,1.0,1465.632545339043,10.758199999999851
42501371380000,1639.9940338538956,7.478283714587697,5,1.0,1647.0443878959472,7.471400000000176
42501371400000,1227.5171270637634,39.10758947896597,6,1.0,1198.0257128002015,42.66908333333307
42501371410000,1190.6883363313052,10.347702426489395,7,1.0,1197.8901091414987,11.122857142856967
42501371450000,1482.4543260970556,53.13368270756337,7,1.0,1530.9926722690454,52.33464285714308
42501371460000,1232.1406088077624,19.28658870418517,5,1.0,1232.822391513415,19.31759999999995
42501371490000,1544.0324204482656,12.09860052499389,9,1.0,1544.1348366691686,12.548333333333883
42501371500000,1508.6367457351216,447.9428634892359,8,1.0,1508.8340298039052,464.3916250000003
42501371510000,1446.4452896520356,11.18829151338849,7,1.0,1497.7165261867044,11.092999999999847
42501371520000,1696.6331544518494,1037.0135313998067,8,1.0,1750.1362319133937,1385.3840000000002
42501371530000,1678.8023208378518,38.89714661965986,4,1.0,1681.4851939573637,38.772500000000036
42501371540000,1672.2992447563915,23.61836104577778,5,1.0,1681.610228353554,23.77939999999999
42501371550000,1338.4880362386323,11.945832408466071,7,1.0,1421.808185978494,12.676357142857341
42501371560000,1178.222610736535,9.12941651757651,6,1.0,1214.9584120388088,11.237500000000182
42501371570000,1153.1852700459547,32.919194726090204,5,1.0,1151.910862453057,32.63599999999951
42501371580000,1216.2025189287253,17.710437499999898,8,1.0,1216.202518928725,17.710437499999898
42501371580100,1277.076395836684,12.0827747287723,8,1.0,1217.160780174508,12.224812500000098
42501371590000,1447.4204511369371,35.37321558568749,6,1.0,1433.8965412135722,35.435000000000855
42501371600000,1481.610731364028,35.857307364099974,5,1.0,1480.3097343434354,36.179999999999744
42501371610000,1309.7102134698277,442.8756159764959,8,1.0,1323.095100629858,463.9483125000004
42501371620000,1269.9662848073717,436.6794466623925,8,1.0,1271.870116508993,462.9859375000002
42501371630000,1568.1672669268382,445.26689563869144,8,1.0,1563.6224370698965,466.1517500000002
42501371680000,1249.3269681124768,26.86578135091258,4,1.0,1242.1354741166037,26.94925000000012
42501371710000,1936.099446420154,19.33334854173559,5,1.0,1935.1600568463923,19.222799999999914
42501371740000,1626.9043871235374,18.322971388086984,8,1.0,1669.7603564613664,17.810000000000286
42501371750000,1150.8250507376576,69.12195517349025,4,1.0,1139.4498403085386,71.50225000000023
42501371760000,1201.6918231043746,59.90505452378531,5,1.0,1176.7490770199342,61.10310000000063
42501371790000,1528.463947381553,36.2836124191835,5,1.0,1511.406651689762,36.431800000000294
42501371800000,1322.567016297152,83.52487252215214,4,1.0,1384.1335117299325,75.35374999999976
42501371820000,1903.6403699484833,19.848377620232384,4,1.0,1894.032421198709,20.432875000000195
42501371830000,1463.8785738404097,16.27058333090649,8,1.0,1475.3855106597864,16.51887499999941
42501371840000,1531.6748414496087,14.674820295814245,8,1.0,1535.9009054463784,14.601374999999734
42501371850000,1704.8893283745372,25.34933825379489,8,1.0,1687.4178734284656,25.633562499999698
42501371870000,1686.6670519522495,14.328757143633883,3,1.0,1818.0436254211088,15.438333333332897
42501371880000,1224.5941165821393,51.807805830452324,5,1.0,1217.2633694402602,53.43250000000025
42501371890000,1230.302381097308,68.13436175365311,2,1.0,1229.304494929739,68.13249999999971
42501371900000,1508.286987341285,32.561517164039074,7,1.0,1517.5226921123244,31.992642857142787
42501371910000,1281.7593227844368,33.50882940306711,5,1.0,1282.8251469757854,33.23419999999969
42501371910100,1532.3921767181528,23.486872293478342,7,1.0,1471.5440668785486,23.715142857142773
42501371920000,1442.9807590132195,34.59195773556188,8,1.0,1458.742628632697,33.43037500000037
42501371930000,1322.6075586506215,15.11580056985441,2,1.0,1317.8912330194678,15.367499999999836
42501371940000,1416.794044247391,13.141831667769422,5,1.0,1413.29025459914,13.105699999999706
42501371950000,1435.423393960913,23.982666577361663,4,1.0,1437.1420333102756,24.202499999999645
42501371970000,1141.780747673809,97.68428383624838,4,1.0,1162.5067550490176,97.11124999999993
42501371980000,1048.588069103006,8.712499999999864,4,1.0,1048.588069103006,8.712499999999864
42501371990000,1499.2178775323346,22.934328555493426,7,1.0,1498.1920549757492,22.869428571428607
42501372000000,1389.3662658081448,16.836714436392196,7,1.0,1434.4700469016364,16.662142857143017
42501372010000,1328.8477615537586,24.49651565678321,6,1.0,1360.7464129440084,24.565666666666555
42501372020000,1440.5457822391609,20.69785122390585,7,1.0,1537.1421698018216,19.469357142857007
42501372030000,782.3243447065685,6.739206401381907,3,1.0,825.1475293578934,6.9256666666666815
42501372040000,,,0,,,
42501372080000,1366.992673364843,41.8037191028234,4,1.0,1368.8669921874152,41.58549999999923
42501372100000,1448.5696427227717,10.196400872768711,3,1.0,1498.2791116551343,10.194833333333008
42501372110000,1623.8840735997842,16.55156723735894,2,1.0,1640.941795134204,16.604499999999916
42501372170000,1876.8211930269847,22.033856971198524,5,1.0,1891.274491906403,21.943199999999706
42501372180000,1548.8798041345763,71.54356413381163,5,1.0,1582.3563973517162,70.35350000000017
42501372190000,1793.5986356342619,47.808149471912415,5,1.0,1803.0622098585832,42.768499999999946
42501372360000,1745.3238358504811,25.09349082910869,5,1.0,1738.0941856441204,25.034100000000215
42501372380000,1629.1310996689012,96.51573553126188,5,1.0,1679.3503006526657,96.94760000000042
42501372390000,1316.752951345818,36.1600149533122,3,1.0,1322.883569669398,36.29899999999998
42501372400000,1375.7451427794817,22.081740430989747,8,1.0,1310.8619243992657,23.478749999999764
42501372410000,1527.1599202318525,46.8692213860607,7,1.0,1506.3372532076048,49.17385714285683
42501372420000,1542.9483790280888,46.472263013557665,4,1.0,1547.7732061225847,46.7204999999999
42501372430000,1667.5892517547143,15.657433046719357,6,1.0,1651.4333685630963,17.8767499999999
42501372530000,1421.0123081700874,34.44254256578663,4,1.0,1424.4977963849124,34.13000000000011
42501372540000,1600.0881717761247,23.841547155269346,3,1.0,1621.352524987877,25.461499999999432
42501372560000,1483.864911872329,16.26286618988872,8,1.0,1606.157148360617,16.669062499999654
42501372570000,1309.1888122656508,18.98605038829328,7,1.0,1425.6675650779268,19.159928571428413
42501372580000,837.29516663959,33.252456479509675,2,1.0,847.4477109810107,33.347999999999956
42501372610000,1466.7062974834307,18.204595810084104,8,1.0,1467.143690486347,17.384437499999876
42501372620000,,,0,,,
42501372620100,1303.2221976118246,10.12579388675499,8,1.0,1297.9893821884698,10.79800000000023
42501372630000,1249.6478116622445,25.086428423853366,4,1.0,1251.9238648278304,24.790999999999713
42501372640000,1773.1246557117931,21.36809168547457,5,1.0,1765.1873474130578,21.278299999999764
42501372660000,1259.0484635654525,68.36421486376598,4,1.0,1278.7927550282504,66.78375000000005
42501372690000,1292.9709936275244,38.16949999999997,1,0.9729115512361802,1292.9709936275244,38.16949999999997
42501372760000,1496.6259836330555,19.325419837818778,4,1.0,1496.0780810320484,19.290874999999915
42501372770000,1554.5939874529106,13.150073545521648,4,1.0,1526.9616687525852,13.222249999999804
42501372780000,1449.4970404192757,99.6111931668427,5,1.0,1404.1583795059707,101.01140000000032
42501372830000,1189.7308316651067,99.93840630310804,5,1.0,1178.3666690633986,103.1645000000004
42501372840000,1575.9160214856488,23.7596213181391,5,1.0,1590.3425503514336,23.833100000000012
42501372850000,1485.079006579036,21.378007699192334,5,1.0,1628.75249854926,21.33229999999985
42501372860000,1609.2100673329346,17.186304826754334,2,1.0,1607.0182707230338,17.125
42501372870000,1293.8946999476293,25.80435639649988,6,1.0,1299.9246011475846,25.81991666666666
42501372880000,,,0,,,
42501372890000,1871.8838846396554,41.155535596508884,3,1.0,1884.98309545953,41.04899999999998
42501372900000,2195.675003988918,8.325931321460935,2,1.0,2198.399103266939,8.28774999999996
42501372910000,1422.3471169273091,27.078428373824455,5,1.0,1441.9628304462153,27.51180000000022
42501372920000,1077.2179843954004,4.2905000000000655,1,0.9998127872622277,1077.2179843954004,4.2905000000000655
42501372930000,1379.4984519489055,47.00763947370201,6,1.0,1391.8937457226145,47.57850000000053
42501372940000,1354.3358899279297,50.79210444151166,6,1.0,1332.2723886796923,51.837500000000546
42501372950000,1500.0573457672358,46.970742986984924,5,1.0,1499.6710488632652,47.07360000000044
42501372960000,1419.0045592400684,19.05110027005823,7,1.0,1396.9841302090374,20.50199999999989
42501372970000,1503.3989165029966,29.590762491343703,5,1.0,1499.8933875414302,29.516600000000473
42501373000000,1863.951682337579,5.919499999999971,1,0.9337982972477477,1863.951682337579,5.919499999999971
42501373010000,1348.519031330831,11.167499999999563,1,0.9968272508990669,1348.519031330831,11.167499999999563
42501373020000,1762.3962682726592,37.04342696766056,3,1.0,1760.0324004249298,36.87133333333319
42501373030000,,,0,,,
42501373040000,1432.7653782849995,40.05948134440713,4,1.0,1435.2375878838855,40.10962500000005
42501373050000,1400.8981822295566,46.171615371049384,6,1.0,1395.8600136623825,46.10099999999981
42501373060000,1435.4387921803082,22.042807508244294,4,1.0,1437.5274104509733,22.224624999999833
42501373070000,1241.8073327714571,28.440759937094093,3,1.0,1247.5019732796716,28.645000000000135
42501373090000,1557.78912328301,45.98782620647367,4,1.0,1566.1765448622477,46.17300000000046
42501373100000,1463.0880778062444,27.799582197229142,2,1.0,1464.7320793392896,27.85050000000001
42501373110000,1386.2218403290233,25.754167739723396,4,1.0,1424.9726177301995,25.717499999999973
42501373120000,1560.4789216133634,58.27390363786751,5,1.0,1516.5458424384944,60.34710000000014
42501373180100,1231.036517270292,15.007873803506389,2,1.0,1231.397922824865,15.010750000000371
42501373190000,934.2778265230717,61.97814942113237,2,1.0,820.7022816828334,58.01350000000002
42501373260000,1359.381160728294,20.487529039002535,7,1.0,1497.6911309446023,19.731571428571442
42501373390000,1457.4913242909372,17.755833554861482,5,1.0,1457.9201170606598,17.617299999999886
42501373400000,1739.1401996877669,17.72317937131265,3,1.0,1739.343548613442,17.709333333332932
42501373410000,1386.3063374836577,28.374520053041454,4,1.0,1386.7879306241325,28.355375000000095
42501373420000,1184.8002564297017,37.55539825354724,4,1.0,1201.7961297167835,36.770875000000615
42501373430000,1724.616244966179,22.743829248774656,8,1.0,1684.4054689968634,22.81518750000032
42501373440000,1333.8742714307475,27.51921049521721,3,1.0,1316.7344448062659,28.823499999999513
42501373460000,1555.934835601204,33.03150701266086,4,1.0,1560.0967584721766,32.99199999999951
42501373470000,1328.8857447795715,44.22667296134239,4,1.0,1338.5488468645744,45.44612499999948
42501373500000,,,0,,,
42501373510000,1592.9585496468703,25.458250770200497,5,1.0,1606.9708676647201,25.71479999999974
42501373520000,1657.5479512699576,22.811073343187648,5,1.0,1657.6459789502132,23.148300000000017
42501373530000,1491.6376396847704,25.487397025965393,6,1.0,1492.499446030739,26.567583333333307
42501373540000,1839.7475412154583,35.097999999999956,1,0.9838824415020915,1839.7475412154583,35.097999999999956
42501373550000,1569.6307677121745,12.616948864291944,7,1.0,1569.5345291463634,13.576357142857107
42501373560000,1491.7823636241706,10.747851666424099,7,1.0,1488.370707850271,10.955785714285412
42501373570000,2189.53037327519,34.25579950343491,2,1.0,2188.8750506019846,33.93049999999948
42501373580000,1579.6313543527588,20.368167271842033,8,1.0,1580.5102056764563,20.34075000000007
42501373600000,1690.5977190577316,13.381849457785385,7,1.0,1695.5215603874265,13.373928571428612
42501373610000,1578.1226286901394,10.310974043053562,7,1.0,1587.2301415402694,10.20049999999992
42501373620000,1487.0689734838443,7.664661619599201,7,1.0,1487.450614160732,7.675499999999894
42501373630000,1409.1785475317538,4.538360410174585,7,1.0,1413.4130170736637,4.547499999999802
42501373640000,928.9558172256862,21.4031434192075,2,1.0,928.4583676888701,21.373499999999694
42501373650000,1614.219920986872,13.121661376434936,8,1.0,1639.7089613638261,13.402500000000146
42501373660000,1521.4477451915898,24.532578303944874,7,1.0,1506.4242072991456,24.960000000000296
42501373680100,1418.751634401306,11.125347981452745,5,1.0,1422.70925681178,11.126200000000244
42501373690000,1457.5719605026513,5.142784771017238,4,1.0,1527.023619990331,5.721499999999878
42501373700000,1687.1682806003691,6.569848790883304,5,1.0,1712.5060577570544,6.835599999999976
42501373710000,1316.2205944942523,803.5550177064357,10,1.0,1253.5834296477144,1109.8223500000001
42501373720000,1840.0994658909212,30.783809775172596,5,1.0,1880.305303358069,33.45770000000084
42501373740000,,,0,,,
42501373750000,1368.1674965557022,15.673159653698995,6,1.0,1374.2887349072198,15.743000000000544
42501373760000,1827.9093103538144,33.28317547836296,3,1.0,1872.9048108948266,34.99450000000039
42501373780000,1613.2097646515401,90.3280835764439,6,1.0,1590.249855717699,90.48350000000028
42501373790000,1342.8309655084922,88.70373740573534,5,1.0,1349.14585816152,89.68960000000024
42501373800000,1325.9543209728379,29.756000000001222,1,0.9999999999999998,1325.9543209728379,29.756000000001222
42501373810000,1550.1208859421452,53.22853366699634,5,1.0,1550.6021205023371,53.23600000000024
42501373820000,1534.568470029346,42.20335789516596,5,1.0,1509.8086191090697,42.26790000000001
42501373860000,1013.5836165320906,13.836209198221821,3,1.0,1021.778399872992,13.873333333334207
42501373870000,1618.7622009038341,7.802559193388255,3,1.0,1640.0227761939168,7.7126666666669434
42501373880000,1582.37697177916,54.74172454778177,5,1.0,1570.6584921732479,56.28420000000024
42501373890000,1153.0941237107434,73.58352887316383,4,1.0,1166.325577939593,71.33774999999946
42501373900000,1347.505627149907,71.39580405562855,4,1.0,1362.416683410991,72.21037500000034
42501373910000,1939.342739370191,12.323016576062754,2,1.0,1938.3948617307083,12.322249999999713
42501373920000,1157.9279379482648,902.5143909497062,9,1.0,1072.0510633192062,1229.8821666666668
42501373930000,1303.0086964433108,1038.9430528267349,8,1.0,1283.8874216697836,1380.886625
42501373940000,1752.6836253073989,23.03602561789937,5,1.0,1828.7389088275145,23.60900000000056
42501373950000,1476.6672323788034,68.58707110760201,4,1.0,1555.6299342577295,65.85950000000003
42501373960000,1207.607889453291,66.19439542448148,5,1.0,1208.380437853324,66.70099999999984
42501373970000,1180.1034459248517,72.73598141750917,4,1.0,1212.4436743546757,72.60712500000068
42501373980000,1611.5919836330086,53.63840336317196,5,1.0,1646.1670141959123,54.20239999999994
42501374010000,1460.3962494235468,13.00735222857985,5,1.0,1455.5839161112006,13.38720000000012
42501374020000,1550.3211675448233,64.26398925566954,6,1.0,1636.33074877682,73.29924999999957
42501374030000,1567.2332559627284,13.463589089678152,6,1.0,1590.79839573109,14.139999999999873
42501374040000,1485.8988660183297,78.07916330315223,7,1.0,1517.9922281026447,79.81521428571457
42501374050000,1863.949673639466,5.919499999999971,1,0.6120145193115676,1863.9496736394658,5.919499999999971
42501374060000,1529.2903638017435,25.30900349233762,7,1.0,1525.3157288505631,25.240571428571975
42501374070000,1660.894257992463,18.433885280356538,8,1.0,1663.0049967308269,18.581749999999943
42501374080000,1404.5630465825604,48.941999521627864,3,1.0,1433.2956852013212,47.16400000000067
42501374090000,1597.4792722359498,13.582472070134132,8,1.0,1601.6730560562785,13.644687500000146
42501374100000,1533.5512222687482,23.53580827941453,5,1.0,1542.2804521919306,23.733500000000095
42501374110000,1595.4872866437358,15.925568760519777,5,1.0,1598.7989584234142,15.879399999999986
42501374120000,1511.803536045827,11.591779838542593,4,1.0,1519.4975555637873,11.672125000000506
42501374130000,1588.5109366306192,16.712711686591046,5,1.0,1588.1798753262035,16.73500000000022
42501374140000,1515.4576146750323,11.983239625969283,5,1.0,1517.8287717772928,11.882900000000154
42501374150000,1724.5102088644971,17.302217136280976,4,1.0,1730.4314281430536,17.231500000000096
42501374160000,1545.8320086646088,51.23324175523813,3,1.0,1546.8203821535255,51.23799999999998
42501374180000,1420.3233270870041,57.61507649775338,4,1.0,1412.9626018751542,57.490625000000364
42501374190000,1576.367153059792,6.207250079134574,6,1.0,1592.5500694286538,6.301333333333484
42501374200000,2122.7235962163963,21.006000000000768,2,1.0,2122.7235962163963,21.006000000000768
42501374210000,1395.5072475016098,48.33457987979621,4,1.0,1396.5043507539956,48.01462499999957
42501374220000,1493.6347468940348,59.42016135881645,5,1.0,1525.065608250738,59.946899999999914
42501374230000,1306.037612172133,45.060544850559126,4,1.0,1326.207950028917,46.482124999999996
42501374240000,1657.6594097305574,38.43702760180723,3,1.0,1672.5072621664,39.31099999999939
42501374250000,1527.30467914772,25.513056548150495,5,1.0,1529.441320305747,25.578299999999764
42501374260000,1388.0576324233905,27.45478123693737,4,1.0,1397.0611397784244,27.834375000000136
42501374270000,1588.6067754779951,86.28381587114299,5,1.0,1547.3244020093284,89.53519999999935
42501374280000,1471.9138046386277,23.8625649327014,7,1.0,1521.045096758222,22.975499999999947
42501374290000,1218.6748662799666,23.146559810848828,5,1.0,1273.2889026966138,25.434699999999975
42501374300000,1293.3564181077904,6.397088440471311,2,1.0,1293.3440406778634,6.4229999999997744
42501374310000,2022.5042880184276,25.545180202644328,4,1.0,2075.464655665721,39.42662499999983
42501374320000,1227.7778412480172,30.893230525799883,4,1.0,1231.3681358540716,31.080500000000256
42501374360000,1543.2952081800836,20.20476083232318,6,1.0,1557.268117094547,20.608500000000124
42501374370000,,,0,,,
42501374370100,1168.5112360138799,27.09317310714976,7,1.0,1150.2162383538998,28.651285714285873
42501374430000,995.929425590596,126.20378257915227,4,1.0,1009.6843207286012,125.07499999999959
42501374440000,1115.4995377447988,13.82141745794309,3,1.0,1121.0653405411483,13.91750000000017
42501374450000,1479.8380819308688,79.10781743739724,5,1.0,1472.6852007751997,78.82160000000059
42501374460000,1329.2142355598264,22.179315562373468,4,1.0,1329.320693737027,22.2631250000004
42501374470100,1395.5216073692268,76.55844599504769,4,1.0,1399.945586676288,76.69125000000054
42501374620000,1315.1492284266894,13.075004796278217,7,1.0,1466.7133355130973,13.424785714285852
42501374650000,1400.3360351357385,76.01489099714394,6,1.0,1393.9400282085032,77.23574999999953
42501374660000,1364.7847754505888,96.3982723039416,5,1.0,1374.4120062128793,98.1878999999999
42501374670000,1575.992507806971,74.59878617318239,4,1.0,1579.521023273906,75.08375000000001
42501374680000,1452.5628839975036,73.65182815136481,2,1.0,1458.5512383349894,74.55250000000069
42501374690000,1465.5432881199335,49.00893189010962,5,1.0,1456.7500691153587,49.228799999999865
42501374700000,968.3828463907191,37.97848503556791,2,1.0,973.9679136953594,37.96050000000014
42501374710000,1212.4184995341884,5.859257068099431,2,1.0,1207.8907701218538,5.857250000000022
42501374730000,833.8664081821074,3.031076430861125,2,1.0,833.8770970185237,3.030749999999898
42501374750000,1155.6021943915355,13.119619158281902,5,1.0,1129.7540906321592,14.075700000000325
42501374760000,1666.6074833841144,102.6777187217023,5,1.0,1696.8123621756167,100.4505000000001
42501374770000,1614.4713870493385,55.19126623743172,5,1.0,1617.3334918878554,55.44210000000021
42501374780000,1299.5990449498215,3.2701404652457904,2,1.0,1294.9344583252532,3.2349999999996726
42501374790000,1598.6873681763532,12.358859087852043,8,1.0,1596.547461276194,12.380750000000148
42501374880000,1566.9728228204308,33.28196364165397,5,1.0,1566.3539810938742,33.257900000000156
42501374900000,1432.144703945435,52.71257844025614,5,1.0,1508.6731665726782,53.52309999999998
42501374940000,,,0,,,
42501374970000,1354.7606182104864,33.58297991046157,4,1.0,1462.6301426335258,34.74375000000077
42501374980000,1219.2557946145705,12.14663549552869,2,1.0,1229.8513844453253,12.248000000000502
42501374990000,1551.5322288735854,15.568839848128405,2,1.0,1568.7132665333984,15.738000000000739
42501375020000,2173.6912288580716,15.585000000000946,1,0.9062154403407712,2173.6912288580716,15.585000000000946
42501375040000,2173.7121363831207,15.585000000000946,1,0.9999999999999999,2173.7121363831207,15.585000000000946
42501375060000,975.2752572034558,56.742769870024375,3,1.0,990.6616065424105,59.304999999999986
42501375070000,1453.9938287206974,57.29132363484117,3,1.0,1492.2926235189518,59.89166666666673
42501375130000,1307.9780765980304,11.00008827022965,6,1.0,1309.79141793253,11.07525000000002
42501375140000,1487.289255977272,8.692440693196236,5,1.0,1487.6988058727895,8.76830000000009
42501375150000,1402.7933502529932,31.531917972193355,5,1.0,1469.8945571428737,33.24719999999998
42501375160000,1050.0886186880427,29.39377785558189,4,1.0,1116.5231586264315,31.146500000000287
42501375170000,1334.4134291053601,75.90292416778824,4,1.0,1329.9478811897047,78.66675000000032
42501375180000,1789.9388513947893,87.19899252202694,4,1.0,1789.3036793825227,88.8179999999993
42501375190000,1390.4434120769004,39.41263426336195,3,1.0,1389.035263261063,39.49300000000009
42501375200000,1389.9722663062332,40.316043173752526,3,1.0,1388.9361028311494,40.31633333333381
42501375210000,547.4192145234958,100.10999999999967,1,0.8799105127589202,547.4192145234958,100.10999999999967
42501375250000,1059.8507236245646,7.517792357769714,4,1.0,1085.823440897294,7.5662499999998545
42501375260000,931.4487218152166,9.779790183974404,4,1.0,921.175632299698,10.133750000000191
42501375270000,1648.447509105712,8.634170195540538,5,1.0,1690.2583829396651,8.900599999999576
42501375310000,1818.139131809995,23.27234049576938,7,1.0,1812.485994473283,23.456571428571806
42501375320000,1566.2223025192347,21.685410849882455,6,1.0,1577.8995210006342,21.87450000000005
42501375330000,,,0,,,
42501375350000,1414.0637734014379,14.408372744012652,6,1.0,1404.4388324009572,16.16033333333341
42501375360000,1274.5755138435693,36.57115901041604,5,1.0,1281.7248048273484,36.79999999999946
42501375540000,1516.370829542722,32.17870550923165,9,1.0,1611.1400077404312,32.451833333332814
42501375570000,1643.796812864376,14.864894768827352,2,1.0,1643.496309079023,14.862500000000182
42501375580000,1753.3417297553008,26.971394253091145,3,1.0,1754.578827535186,26.995000000000193
42501375700000,,,0,,,
42501375730000,1331.933985768087,35.745546582387284,4,1.0,1332.979584650789,36.43749999999977
42501375740000,1168.779664063363,35.16336020200407,4,1.0,1167.2208907399588,35.8137499999998
42501375840000,,,0,,,
42501375920000,1205.9775606437654,19.215294484986202,6,1.0,1209.1688896303915,19.45675000000013
42501375950000,,,0,,,
42501375980000,1546.4172265670647,4.656563993804315,8,1.0,1550.3782586651039,4.677812499999959
42501375990000,1553.0235353102125,3.2205304089476763,8,1.0,1564.594186063708,3.2556874999997945
42501376000000,1429.5790453556149,3.4884839589825645,7,1.0,1434.4026839086764,3.484857142857176
42501376010000,,,0,,,
42501376030000,1452.6705082992073,7.02874504055573,7,1.0,1459.2775098398165,7.611214285713686
42501376040000,1271.1519216836714,12.677024091445352,7,1.0,1466.254881491077,13.424785714285852
42501376070000,1410.5278937155363,28.376693655077368,9,1.0,1530.506228091998,31.309444444444225
42501376080000,1416.3564650613039,41.25580640110834,9,1.0,1513.7695445899194,45.70777777777807
42501376090000,1493.3797586404598,37.495610681236656,4,1.0,1485.18913232115,37.869624999999814
42501376100000,1554.493574064787,24.620178942510638,3,1.0,1533.9953062682587,25.895000000000437
42501376110000,1429.3119476688237,38.68855690707831,5,1.0,1431.4290628091587,38.51140000000014
