well_i,wps_cardinal,wps_iframe,wps_corridor,anisotropy_ratio,anisotropy_delta,azimuth_deg,mid_x,mid_y
30025410040100,3,3,2,1.0,0.0,358.51048792321774,2233137.0214154674,12033483.556636801
30025421210000,3,3,3,1.0,0.0,359.0554979504769,2231430.022470853,12028117.926998697
30025426220000,3,3,3,1.0,0.0,356.96953390634155,2230314.526657891,12028104.464980025
30025428730000,3,3,3,1.0,0.0,359.1039912382547,2233194.8785354267,12028197.735960195
30025435920100,1,1,1,1.0,0.0,358.2766442051793,2229724.1169391563,12022667.04804894
30025436820100,1,1,1,1.0,0.0,358.27796586962535,2219075.0501644136,12028111.395281747
30025437350100,2,2,2,1.0,0.0,358.2879731485978,2225330.3493506024,12029465.519958615
30025437530100,4,4,4,1.0,0.0,358.17578189663345,2227092.858205093,12037220.323619612
30025437540100,2,2,2,1.0,0.0,358.85617269068604,2223087.3926151805,12037110.166001935
30025438900000,1,1,1,1.0,0.0,178.1002521185413,2213154.638391724,12080485.374913141
30025440380100,4,4,4,1.0,0.0,358.77558353630866,2227898.7652312424,12029523.348110784
30025449160000,3,3,3,1.0,0.0,356.10510496628785,2227824.907080679,12080756.362710591
30025451290000,3,3,3,1.0,0.0,359.40430905956737,2232338.9878165247,12040132.33780852
30025453730000,3,3,3,1.0,0.0,358.33240727145545,2224594.0248944093,12079442.108175168
30025453890000,2,2,2,1.0,0.0,357.8924400247938,2222460.2295449963,12080678.092735935
30025455300000,5,5,6,1.0,0.0,358.5557544791129,2230284.4391233963,12034971.032830229
30025456190000,3,3,3,1.0,0.0,358.25380522766,2225103.117577334,12037343.9466627
30025459330000,4,3,3,0.75,-1.0,357.6995251936821,2228603.309780477,12044237.403389584
30025463300000,4,4,4,1.0,0.0,358.0987090878157,2226676.046068139,12080759.414667191
30025464820000,5,5,5,1.0,0.0,359.1587055713552,2233121.966837138,12047869.136635052
30025468380000,6,5,5,0.8333333333333334,-1.0,358.1640226636639,2230172.575514046,12047849.479484858
30025474750100,4,4,4,1.0,0.0,178.83899409584845,2228509.904339454,12049123.747251838
30025487440000,5,5,5,1.0,0.0,358.2116279465833,2227430.53789822,12054360.41560373
30025489820000,6,6,6,1.0,0.0,358.8923848842248,2229942.1619928256,12055811.178837663
30025494170000,5,5,5,1.0,0.0,358.4222324725019,2231179.776305101,12047871.961619072
30025494180000,5,5,5,1.0,0.0,359.5833769152585,2232164.4746826473,12047781.327983644
30025494190000,3,3,3,1.0,0.0,358.9836566562299,2229258.570640452,12079488.341203712
30025494800000,4,3,3,0.75,-1.0,178.09683701824096,2227477.782899416,12049135.304152649
30025494810100,2,2,2,1.0,0.0,359.06366609117504,2224819.377086616,12049076.95842084
30025497080000,4,4,4,1.0,0.0,175.72070882331033,2224843.933440874,12043818.750121305
30025497750000,2,2,2,1.0,0.0,181.81218107206186,2224942.9769098815,12054339.464029957
30025500770000,1,1,1,1.0,0.0,358.6689474593514,2208888.1975235976,12047520.631064117
30025500780100,1,1,1,1.0,0.0,178.7674535193977,2209045.8254516535,12039619.497080766
30025503690000,3,3,3,1.0,0.0,359.177328285319,2232192.3253287626,12033290.279538494
30025507270000,4,4,4,1.0,0.0,359.1107947463507,2228779.6253462117,12037194.191140462
30025507280000,4,4,4,1.0,0.0,359.3360941571901,2227957.8291310566,12037212.748171842
30025507540000,2,2,2,1.0,0.0,179.00295066482715,2222354.0780345825,12043665.029253077
30025507790000,6,6,6,1.0,0.0,358.88191787108104,2229115.0467745606,12055707.232510295
30025507800000,4,4,4,1.0,0.0,358.8822405253258,2228233.5664190804,12053975.063962568
30025508220000,4,4,4,1.0,0.0,179.1745900836092,2227340.9307951126,12060925.883721624
30025510030000,2,2,2,1.0,0.0,357.8817558260601,2224906.557597417,12059629.621547708
30025511130000,5,5,5,1.0,0.0,180.0527953839031,2233127.6711699096,12065057.81203498
30025511140000,4,4,4,1.0,0.0,180.05875634736793,2232373.2913145702,12065033.659805458
30025513840000,1,1,1,1.0,0.0,179.32283390020655,2219680.5016211523,12043727.533912946
30025516390000,3,3,3,1.0,0.0,177.14455245496714,2225708.7408362883,12043807.084035814
30025516420000,4,4,4,1.0,0.0,178.91861887367568,2226709.4460480483,12043817.231853468
30025517710000,3,3,3,1.0,0.0,359.63286620702354,2230926.3158026505,12055762.998644391
42003002890200,2,3,2,1.5,1.0,241.17530775219743,2395153.3609049893,11698591.315743629
42003026410200,1,1,1,1.0,0.0,254.7610204917641,2392957.2746160883,11768926.090503627
42003029150100,3,3,3,1.0,0.0,299.31015120066286,2387878.7564883884,11701636.267191947
42003029190100,3,3,3,1.0,0.0,318.7210278540425,2387029.4611554,11701204.696568962
42003029190200,3,3,3,1.0,0.0,309.95349850192883,2386608.3922688747,11701069.348959794
42003029720300,3,3,2,1.0,0.0,172.2068375749342,2387080.2674532854,11692278.642704021
42003034550100,3,2,1,0.6666666666666666,-1.0,259.9395775677443,2378209.7323560715,11749483.741628872
42003034730100,5,4,1,0.8,-1.0,257.38082573773625,2378758.168602395,11746840.481645202
42003051650100,4,3,2,0.75,-1.0,151.12004917779217,2389698.1142102927,11694381.337611547
42003064470100,5,4,3,0.8,-1.0,75.3644559368652,2376618.493222158,11745846.722942885
42003306650100,1,1,1,1.0,0.0,2.8531557160945304,2331274.6086246446,11778772.295058833
42003369460000,1,1,1,1.0,0.0,73.81331423936686,2333624.4659147873,11690347.328612093
42003377470100,4,4,2,1.0,0.0,79.22833589084837,2375789.868681401,11748263.618663333
42003385010200,2,2,1,1.0,0.0,337.62227579961535,2394558.938096425,11695317.101975068
42003385790000,8,8,4,1.0,0.0,252.38646379967935,2381799.434543767,11677410.645917539
42003385890300,2,2,2,1.0,0.0,252.05845081952572,2395012.2688842807,11693186.692838982
42003391530300,3,3,2,1.0,0.0,178.19572972744842,2388257.8967126743,11695951.070192702
42003392520100,2,2,2,1.0,0.0,14.653493843061796,2391822.9570509885,11691056.324183963
42003393990000,14,12,5,0.8571428571428571,-2.0,255.4293739258444,2408172.137068041,11687508.328479677
42003395400000,3,2,1,0.6666666666666666,-1.0,68.93396457255184,2414630.6629969506,11701251.341670834
42003408300000,5,4,4,0.8,-1.0,165.73281542685118,2314108.0541930767,11699622.788948
42003412620000,4,4,4,1.0,0.0,256.53040717468605,2369724.923502151,11746003.18308495
42003413300100,7,9,6,1.2857142857142858,2.0,342.40100231116406,2368008.5624375492,11778026.756469626
42003413310000,3,4,3,1.3333333333333333,1.0,335.1304963966204,2365696.815302792,11776912.866006624
42003416050000,6,6,5,1.0,0.0,255.62977003163562,2370291.4704546737,11744857.531684574
42003416510100,2,2,1,1.0,0.0,122.6083809199642,2393281.759517301,11700136.054306734
42003417200000,1,1,1,1.0,0.0,344.97331234896876,2369803.478608162,11750354.672085676
42003418440000,3,3,4,1.0,0.0,256.4722553198076,2367940.075348082,11742791.205044933
42003419010000,4,4,4,1.0,0.0,77.52555047112716,2374674.161605411,11744234.525609406
42003425200000,6,6,6,1.0,0.0,165.71624810283706,2313749.468847339,11670254.028216
42003425500000,5,5,5,1.0,0.0,342.35416731519115,2369925.6357352985,11777978.277352437
42003427170000,4,4,4,1.0,0.0,339.3803509165175,2366753.9732645433,11777069.979929706
42003427270000,4,4,4,1.0,0.0,162.49094152264485,2315863.604053163,11700110.260167915
42003428760000,6,5,5,0.8333333333333334,-1.0,342.63054212581,2369120.8573854547,11777649.690628313
42003429530000,5,4,4,0.8,-1.0,345.63480680134114,2312085.7825868987,11677296.427418102
42003429970000,5,5,5,1.0,0.0,167.1407776543694,2312408.4887299547,11669927.562681545
42003430790000,6,5,5,0.8333333333333334,-1.0,340.31658424517656,2374741.95219737,11768489.369956419
42003431700100,6,6,4,1.0,0.0,347.15663908186593,2381872.2011913285,11683441.751903303
42003432630000,7,6,6,0.8571428571428571,-1.0,341.23818031347247,2376507.1920522447,11768912.431389026
42003434610100,2,2,2,1.0,0.0,57.075192586108614,2368712.7245568866,11683763.371274725
42003434710000,3,2,2,0.6666666666666666,-1.0,76.02331279819157,2378664.0404873043,11743309.720319564
42003434750000,2,4,4,2.0,2.0,255.1819470776324,2372983.662248904,11741733.84004654
42003437630000,4,4,3,1.0,0.0,252.93841378834153,2368968.4928422505,11747125.060093567
42003438450000,7,6,6,0.8571428571428571,-1.0,343.15167011993907,2336873.1631842675,11767859.241452996
42003438800000,7,5,5,0.7142857142857143,-2.0,345.84103973430916,2313285.319558138,11682988.828809993
42003439010000,3,4,5,1.3333333333333333,1.0,256.30161563447103,2367882.0093207615,11742841.537091082
42003439180100,12,12,10,1.0,0.0,76.31354140770529,2355920.3540525027,11779959.030569926
42003439510100,8,7,6,0.875,-1.0,254.88518688836348,2352288.8532290305,11772937.125261467
42003440220100,3,4,2,1.3333333333333333,1.0,344.7920004475817,2313173.9583166335,11703817.952358533
42003440470000,6,6,6,1.0,0.0,342.63113613380307,2375613.711887487,11768693.639280532
42003440480000,4,3,3,0.75,-1.0,341.7171230602069,2373682.8474490987,11767896.50474304
42003441040000,5,4,4,0.8,-1.0,166.68660882565888,2314708.9073275197,11671280.965278253
42003441220000,7,5,5,0.7142857142857143,-2.0,344.01556159025955,2417829.8481235625,11675911.191898331
42003442130000,1,1,1,1.0,0.0,272.1959124106478,2367978.3952227756,11716999.344413396
42003442240000,6,5,5,0.8333333333333334,-1.0,166.8670095026087,2315884.1277658846,11671794.576398812
42003442270000,5,4,4,0.8,-1.0,345.29326784232046,2313034.608552373,11677552.530904986
42003442780000,4,3,3,0.75,-1.0,162.58376420839275,2368314.050411487,11771590.526133975
42003443470000,4,3,3,0.75,-1.0,165.09785129129148,2375907.633220076,11762793.406020906
42003443480000,4,3,3,0.75,-1.0,164.87823157832838,2378452.8620491223,11763584.048642883
42003443630000,6,5,5,0.8333333333333334,-1.0,345.83816238619875,2321870.642203415,11682557.721432216
42003443637000,6,6,5,1.0,0.0,346.0180217349118,2322059.8511345163,11681827.658151252
42003443950000,8,5,5,0.625,-3.0,341.6088794917556,2372064.26334621,11778682.104911394
42003444430000,1,1,2,1.0,0.0,346.8599697453844,2323197.751827959,11659189.142941203
42003444620000,6,4,4,0.6666666666666666,-2.0,162.30329816640992,2375107.19152561,11773443.81241633
42003445740000,8,7,8,0.875,-1.0,346.03295943548216,2417082.003265506,11688305.933248702
42003446000000,4,4,4,1.0,0.0,346.08023202279963,2403815.5542837293,11704912.698864896
42003446470000,8,6,6,0.75,-2.0,344.88242270190557,2341543.261381899,11774972.710088022
42003446670000,5,5,5,1.0,0.0,165.32129744929588,2377213.588525474,11763090.618056934
42003447060000,2,2,2,1.0,0.0,342.9073154808627,2351213.7668057308,11727955.094071109
42003447360000,5,5,5,1.0,0.0,346.33337970102826,2422440.155640561,11689241.11816324
42003447880100,14,13,12,0.9285714285714286,-1.0,75.99718739765987,2355648.4162178226,11782074.918438185
42003448410000,3,3,3,1.0,0.0,165.47375141903197,2379575.2979880096,11763900.42106715
42003448570000,3,3,3,1.0,0.0,346.14743155138086,2324894.253823626,11663099.314656455
42003448600000,7,6,6,0.8571428571428571,-1.0,166.22592830108323,2317377.900610766,11671796.94040838
42003448730000,7,6,6,0.8571428571428571,-1.0,345.38986743007524,2314297.708083327,11677858.804368999
42003449260000,9,8,13,0.8888888888888888,-1.0,166.21569665829725,2420000.7181850886,11686331.945386406
42003449560000,3,2,2,0.6666666666666666,-1.0,162.31445526215046,2333062.5718964515,11760706.314314779
42003449840000,7,8,8,1.1428571428571428,1.0,163.68312533970797,2322586.8859357573,11674751.387753535
42003449850000,9,9,9,1.0,0.0,166.62532882077429,2318370.0804283163,11673048.850526623
42003449860000,11,10,10,0.9090909090909091,-1.0,166.55363647098707,2319453.3870987785,11673320.468846738
42003449870000,7,7,7,1.0,0.0,343.0849174831312,2320955.55081411,11681468.825802831
42003449880000,8,8,8,1.0,0.0,346.19400053216975,2319969.6668702937,11681265.477895234
42003450160100,12,11,8,0.9166666666666666,-1.0,76.01396800172466,2376041.4348666184,11786695.929093229
42003451570000,5,5,5,1.0,0.0,156.39063838704712,2369669.1593726166,11772012.304358575
42003451900000,6,5,5,0.8333333333333334,-1.0,345.96069393930287,2378104.5506806513,11769513.78877487
42003451980000,4,4,4,1.0,0.0,347.3727412589086,2310766.065017676,11676145.023659792
42003452010000,6,6,7,1.0,0.0,343.18055647345324,2379103.8271017056,11779487.440995988
42003452020000,8,5,5,0.625,-3.0,344.69890057931894,2344777.325419477,11659084.58781912
42003452050000,6,6,6,1.0,0.0,345.1382003541178,2343416.661640965,11658567.086066924
42003453280000,4,4,4,1.0,0.0,166.50693779020554,2323822.3408162734,11675068.97540703
42003453310000,14,17,12,1.2142857142857142,3.0,164.46278063953824,2319943.8020599065,11675793.99405742
42003453310100,17,18,12,1.0588235294117647,1.0,166.8767908949668,2319736.4673873656,11676326.881179513
42003453310200,11,10,12,0.9090909090909091,-1.0,167.1730805667317,2320235.905834388,11674023.30347434
42003453320100,8,7,7,0.875,-1.0,345.90405165117454,2318757.1605596575,11680937.971775616
42003453330000,9,8,13,0.8888888888888888,-1.0,347.4155907928227,2317824.26147635,11680079.710502714
42003453830000,10,9,10,0.9,-1.0,167.36943110706974,2321495.6907637296,11674473.086592536
42003455170000,3,3,3,1.0,0.0,162.52412199389062,2333806.082622179,11762680.634476066
42003455200100,1,1,1,1.0,0.0,345.7903275168837,2316852.941525817,11661560.124119569
42003455230000,1,1,1,1.0,0.0,167.09045969830137,2318021.9884325797,11656693.464126522
42003455260000,8,8,8,1.0,0.0,345.7390469023368,2315318.6455239207,11679503.592039265
42003455270000,8,7,7,0.875,-1.0,343.3223435603507,2316189.2487341436,11679862.183561035
42003455340000,5,4,4,0.8,-1.0,344.68852715376516,2311959.4606758393,11682626.24571576
42003455350000,8,6,6,0.75,-2.0,343.9665189365624,2377179.65841861,11769381.43932898
42003455530000,9,8,6,0.8888888888888888,-1.0,256.12834460561896,2376373.158764919,11785007.111785151
42003455560000,6,5,5,0.8333333333333334,-1.0,162.29375281325633,2338725.7492484795,11762216.238566864
42003455670000,5,5,5,1.0,0.0,159.8408296590648,2370465.6272717053,11772331.52006783
42003455740000,11,12,9,1.0909090909090908,1.0,256.97293821519776,2371663.5928897006,11782170.559925914
42003455960000,5,5,5,1.0,0.0,165.2484593508516,2312888.5885919714,11688409.81835222
42003456210000,5,4,4,0.8,-1.0,164.919024011729,2311708.472601377,11687968.48166733
42003456220000,8,8,7,1.0,0.0,75.85251450925111,2360794.5383283766,11782091.22939684
42003456230000,9,8,7,0.8888888888888888,-1.0,75.79610413075262,2360026.8728650277,11784607.615094556
42003456290000,6,8,8,1.3333333333333333,2.0,343.40415797876096,2376847.6965892324,11778575.071417404
42003456297000,6,6,8,1.0,0.0,345.82516181775725,2376950.7366513424,11778849.222152174
42003456300000,7,6,6,0.8571428571428571,-1.0,345.48495068345807,2316906.2901457744,11700444.93505364
42003456310000,9,9,9,1.0,0.0,345.27388756782705,2318076.7390086167,11700793.143598031
42003456320000,7,6,6,0.8571428571428571,-1.0,165.9513586465351,2318092.9588455716,11695295.972226895
42003456440000,3,3,3,1.0,0.0,345.7468470668613,2315257.264417692,11705462.399656337
42003456720000,6,4,4,0.6666666666666666,-2.0,163.24640625118323,2371295.9552674377,11772198.244424745
42003456730000,1,1,1,1.0,0.0,345.5865599560684,2354805.140519688,11801336.024094306
42003456940000,4,4,4,1.0,0.0,342.8107820856357,2338555.053641307,11774203.020007014
42003457050000,4,3,3,0.75,-1.0,342.6456712528331,2339381.8417507797,11768977.485666886
42003457180000,6,4,4,0.6666666666666666,-2.0,342.7713440094401,2335257.586009158,11766923.991440361
42003457220000,4,4,4,1.0,0.0,164.92582848162456,2314045.07996862,11688738.674359899
42003457390000,10,10,11,1.0,0.0,169.75627348172108,2320923.70022861,11674125.124931209
42003457410000,8,7,7,0.875,-1.0,345.83331896213497,2412561.955897052,11690718.344127137
42003457560000,4,4,4,1.0,0.0,166.6393501417291,2311197.816835901,11669899.306459688
42003457560100,4,4,4,1.0,0.0,168.43915663504703,2311090.357986019,11669776.803471074
42003457570100,1,1,1,1.0,0.0,346.6063499723974,2327898.336346125,11684370.114351287
42003457690000,9,7,7,0.7777777777777778,-2.0,343.56029607646974,2319462.829957377,11681065.07037422
42003457980000,6,5,5,0.8333333333333334,-1.0,162.59134492665385,2348340.5636990955,11781819.01613172
42003458170000,5,4,4,0.8,-1.0,343.8422302099302,2317616.8854164127,11694791.026344873
42003458380000,7,7,7,1.0,0.0,166.10142544314462,2318767.5498848273,11695535.01583929
42003458430000,2,2,2,1.0,0.0,346.71923578815904,2316659.53470909,11705913.228804536
42003458470000,7,6,6,0.8571428571428571,-1.0,343.4574880299746,2370688.48528363,11778109.906132475
42003458480000,7,5,5,0.7142857142857143,-2.0,163.73859434462474,2372370.022248541,11772547.001823341
42003458530000,10,11,11,1.1,1.0,341.9987305984474,2319635.374329624,11700235.252758175
42003458550000,8,8,8,1.0,0.0,345.43198623800686,2320127.97600911,11701404.00631572
42003458560000,5,3,3,0.6,-2.0,342.72465666406805,2383527.7068439284,11793302.10492814
42003458590000,9,8,8,0.8888888888888888,-1.0,166.99449175833385,2321934.1137037007,11674395.99064565
42003458600000,8,7,7,0.875,-1.0,345.8624040437753,2320492.8658794207,11681600.853059426
42003458620000,5,3,3,0.6,-2.0,162.89449202710287,2338557.7572197337,11778845.623556197
42003458710100,5,5,3,1.0,0.0,164.28849164236817,2367815.117937926,11689594.49906813
42003458880000,5,4,4,0.8,-1.0,162.92947817431053,2338459.277760444,11756627.205519518
42003458890000,1,1,1,1.0,0.0,342.89233129709544,2349883.873779374,11788670.104095528
42003458910000,3,2,2,0.6666666666666666,-1.0,344.05511625594426,2310678.112734707,11682210.511569222
42003459100000,1,1,1,1.0,0.0,343.9312957376535,2332747.260692427,11734674.311869027
42003459150000,2,2,1,1.0,0.0,163.58008765499912,2351120.1869690735,11734434.99696838
42003459200000,2,2,1,1.0,0.0,166.00350818860397,2350382.0849447562,11737062.356325755
42003459210000,2,2,2,1.0,0.0,341.99969259626386,2351693.3858567644,11728050.460622523
42003459290000,9,6,6,0.6666666666666666,-3.0,342.41977116540886,2342903.5430646325,11775475.757267369
42003459350000,7,7,6,1.0,0.0,343.2177235804439,2380442.1473612026,11675361.075777335
42003459870100,10,12,12,1.2,2.0,345.77052329934725,2319557.1057471447,11700074.180533258
42003459930000,6,5,5,0.8333333333333334,-1.0,163.8039474001763,2374068.394674652,11773338.444053996
42003460150000,7,7,7,1.0,0.0,167.64532856748727,2319865.3398967735,11695914.782157063
42003460210000,1,1,1,1.0,0.0,345.76763966817236,2349779.753520718,11804687.566673998
42003460260000,6,5,5,0.8333333333333334,-1.0,343.216911166588,2373133.259147377,11779155.031780984
42003460450000,1,1,1,1.0,0.0,345.54450264999747,2376510.6136650397,11757637.542776402
42003460500100,3,2,2,0.6666666666666666,-1.0,345.9125668478292,2371928.475223377,11761821.221744794
42003461130000,2,1,1,0.5,-1.0,165.54862918116223,2334087.790423698,11755238.27147309
42003461500000,2,2,2,1.0,0.0,165.21098983769872,2341239.336957755,11741216.92775429
42003461500100,2,2,2,1.0,0.0,164.4305939549352,2341263.2956043603,11741232.139756955
42003461640000,8,8,8,1.0,0.0,345.5920435431495,2320364.142677868,11701460.322321149
42003461810000,6,5,5,0.8333333333333334,-1.0,162.91078680039857,2381864.3692640103,11786468.507683069
42003461870100,1,1,1,1.0,0.0,166.5261475115742,2376732.580867099,11690270.427461699
42003461880000,6,6,5,1.0,0.0,346.35161820796,2342218.725993215,11658269.975594852
42003462130000,10,8,7,0.8,-2.0,344.9400579190854,2413690.4710151274,11691550.744922897
42003462220000,1,1,1,1.0,0.0,164.78318144146272,2331280.0611919453,11747117.385676358
42003462250000,4,3,3,0.75,-1.0,342.95538495767806,2337707.799154323,11773880.38328138
42003462290000,7,7,7,1.0,0.0,345.8153735284335,2321094.9084558003,11701838.554800533
42003462570000,8,5,5,0.625,-3.0,342.56098599400354,2347173.6285738028,11776763.342677183
42003462760000,4,3,3,0.75,-1.0,342.3035990027131,2386133.4810773563,11794139.193971869
42003463110000,7,6,6,0.8571428571428571,-1.0,342.31813690819854,2339946.1730759344,11774576.946503364
42003463120000,5,5,5,1.0,0.0,342.8792881381691,2340010.750595853,11757502.258778416
42003463140000,7,6,6,0.8571428571428571,-1.0,162.9624036103885,2383680.826964734,11787010.233307503
42003463250000,7,6,6,0.8571428571428571,-1.0,342.0590856012383,2377468.4406638825,11779037.582893798
42003463260000,5,4,4,0.8,-1.0,342.1418262462723,2380084.189706224,11780584.7467018
42003463600000,9,6,6,0.6666666666666666,-3.0,342.0738814444551,2344560.5364678823,11775997.300306294
42003463690000,10,9,9,0.9,-1.0,165.76351780750082,2318839.3199274396,11673168.97927651
42003463700000,1,1,1,1.0,0.0,165.93284852366193,2343514.587044199,11665744.100283166
42003463710000,3,3,3,1.0,0.0,345.41411382428487,2311786.4213399994,11699151.672381315
42003463720000,3,3,3,1.0,0.0,345.1113524108747,2312355.395004769,11699378.003987055
42003463800000,13,10,10,0.7692307692307693,-3.0,344.7729058163086,2411419.926253978,11689694.377347715
42003463810000,1,1,1,1.0,0.0,346.5357389123404,2341871.769055905,11675907.847857226
42003464070000,2,2,2,1.0,0.0,345.60496612634506,2326814.863914714,11666208.871812664
42003464470000,3,3,3,1.0,0.0,162.13473900179326,2366033.203443998,11754249.328810928
42003464480000,3,2,2,0.6666666666666666,-1.0,162.93225789180045,2358727.707776362,11753940.73621741
42003464730000,8,6,10,0.75,-2.0,346.61229735999757,2316940.5310471505,11679841.054648314
42003464740000,7,7,7,1.0,0.0,346.52147340563465,2315864.263498749,11679514.790664278
42003465070000,6,5,5,0.8333333333333334,-1.0,162.76169361708497,2339973.01057641,11779317.450004816
42003465120000,7,4,4,0.5714285714285714,-3.0,162.80184577588682,2344133.6824705843,11780566.895131648
42003465170000,7,6,6,0.8571428571428571,-1.0,341.98691318447686,2375035.2676700195,11779088.66197199
42003466190000,12,11,9,0.9166666666666666,-1.0,157.72628641572615,2408657.13316347,11690438.3683378
42003466220000,6,4,4,0.6666666666666666,-2.0,163.01540132960068,2346628.5798445754,11781317.926307827
42003466250000,8,8,8,1.0,0.0,357.5053507708082,2412826.5375531293,11696409.818527896
42003466260000,5,4,4,0.8,-1.0,343.24209718908514,2338522.453753341,11768605.956015632
42003466270000,7,5,5,0.7142857142857143,-2.0,162.9518258549412,2350851.1677945973,11782554.305693049
42003466290000,5,4,4,0.8,-1.0,163.24612139193502,2337051.09175797,11761827.676069316
42003466650000,8,6,6,0.75,-2.0,166.86237778305508,2317729.520698162,11672913.451609882
42003466880000,7,4,4,0.5714285714285714,-3.0,162.79426283040954,2341601.523386021,11779769.42148352
42003467280000,4,3,3,0.75,-1.0,163.60106727040824,2336750.5940483278,11756084.926806772
42003467350000,8,8,8,1.0,0.0,345.4997354871716,2319969.7062530303,11701244.982347365
42003467480000,1,1,1,1.0,0.0,164.6034310078013,2307710.0710895495,11699013.425437186
42003467500000,6,5,5,0.8333333333333334,-1.0,342.83157538330425,2358776.360360493,11678536.003494699
42003467540000,7,7,6,1.0,0.0,343.5272512965205,2379285.834941024,11679337.028893836
42003467780000,4,3,3,0.75,-1.0,164.36423541296082,2347786.7787785167,11653496.64473981
42003467790000,1,1,1,1.0,0.0,342.54775122225305,2336462.5593693554,11790097.102277268
42003468470000,4,3,3,0.75,-1.0,342.7181215325021,2341874.162652631,11757715.49129678
42003468520000,2,2,2,1.0,0.0,166.57788253152916,2378964.959506301,11729184.807429438
42003468560100,1,1,1,1.0,0.0,166.24170055729326,2368141.9213867052,11671608.988672778
42003468760000,3,2,2,0.6666666666666666,-1.0,345.65263337321306,2309310.0171794994,11676456.384123463
42003468770000,7,5,6,0.7142857142857143,-2.0,342.9805310063118,2355967.31101312,11678202.845508715
42003468780000,4,2,2,0.5,-2.0,342.6960059058013,2387028.998580289,11794273.913546927
42003468830000,2,2,2,1.0,0.0,165.11968791662963,2356823.0579846343,11754877.457551692
42003468970000,6,5,5,0.8333333333333334,-1.0,342.2475084744887,2346325.5734748747,11776463.846534487
42003469040200,7,8,8,1.1428571428571428,1.0,346.68832690390576,2377979.4917654945,11675071.136136713
42003469130000,7,6,6,0.8571428571428571,-1.0,342.6231904846452,2343738.837828041,11775701.378948452
42003469180000,6,5,5,0.8333333333333334,-1.0,342.4141276055153,2337626.883862455,11768316.544106456
42003469250000,6,7,7,1.1666666666666667,1.0,165.94996331545883,2348710.6044253823,11767538.137731843
42003469280000,7,7,7,1.0,0.0,162.03745117453286,2376550.8919424843,11774124.901261948
42003469510000,3,3,3,1.0,0.0,164.39343711199157,2346628.1678591063,11652666.34458043
42003469510001,3,3,3,1.0,0.0,164.39343711199157,2346628.1678591063,11652666.34458043
42003469530000,7,6,6,0.8571428571428571,-1.0,343.014620441919,2340659.6375540122,11774796.622778894
42003469880000,2,2,2,1.0,0.0,345.940347836113,2339029.5429350305,11666090.132063035
42003469910000,3,2,2,0.6666666666666666,-1.0,164.52159395176886,2309041.097357954,11687099.089408722
42003469920000,4,4,4,1.0,0.0,164.30663790495572,2310390.4374170755,11687439.587735802
42003469930000,7,6,6,0.8571428571428571,-1.0,342.3459930275286,2374238.633192585,11778932.705901496
42003469980000,6,6,6,1.0,0.0,161.64532290013267,2375764.1028210465,11773844.491889138
42003470000000,7,8,8,1.1428571428571428,1.0,345.1286842272829,2414524.815906319,11694759.03637914
42003470010000,7,7,7,1.0,0.0,164.72503894241743,2383842.9381709797,11676007.708888993
42003470130000,6,5,5,0.8333333333333334,-1.0,343.1745380108147,2380226.094114231,11680863.158679387
42003470160100,7,5,5,0.7142857142857143,-2.0,343.08996100241404,2415499.863553391,11695446.281282607
42003470470000,4,3,3,0.75,-1.0,343.7642130443833,2315013.395116288,11694174.77583174
42003470600000,2,2,2,1.0,0.0,166.9024385282244,2377440.9882739503,11728757.330049597
42003470810000,2,1,1,0.5,-1.0,345.7520993717571,2310273.751153635,11692685.024259016
42003470830000,3,3,3,1.0,0.0,343.8449081134599,2313910.3159560463,11693872.036908349
42003470850000,4,3,3,0.75,-1.0,166.29660905213723,2363771.6848995984,11809048.649685424
42003470860000,6,5,5,0.8333333333333334,-1.0,345.3798629298931,2362452.812983245,11814296.612988938
42003470900000,13,12,12,0.9230769230769231,-1.0,170.91475975413096,2407687.7818258572,11687547.952351285
42003471090000,3,4,3,1.3333333333333333,1.0,165.1661975352448,2373214.2950792164,11760889.154323712
42003471100000,5,4,4,0.8,-1.0,342.7046079885383,2384354.575758159,11793592.173655514
42003471160000,12,11,11,0.9166666666666666,-1.0,167.30258982497824,2409954.9504394876,11687020.255287575
42003471170000,8,8,8,1.0,0.0,166.41894313347544,2406463.489219457,11686987.371265067
42003471180100,8,8,8,1.0,0.0,166.53006149354232,2405237.960177617,11686785.978010755
42003471260000,3,3,5,1.0,0.0,344.40080586479155,2313921.126789409,11693537.17553645
42003471770000,6,4,4,0.6666666666666666,-2.0,162.39714638439935,2349202.4005413363,11782087.352590952
42003471830000,7,5,5,0.7142857142857143,-2.0,165.07637765926148,2396477.958883198,11680504.342527937
42003471920000,6,4,5,0.6666666666666666,-2.0,162.2206997009527,2358560.9171205154,11669947.182505138
42003471970000,7,7,7,1.0,0.0,165.92515363834457,2400237.331647016,11682142.223454077
42003472060000,6,6,6,1.0,0.0,345.16069272869566,2343469.9912211294,11658556.593631364
42003472070000,6,6,5,1.0,0.0,346.5528350543117,2342214.2933284473,11658240.260031708
42003472140000,5,4,4,0.8,-1.0,162.2547990596305,2374811.3155791275,11762403.979030095
42003472190000,4,3,3,0.75,-1.0,343.28362116513983,2353074.6468292265,11678543.482178222
42003472210000,7,7,7,1.0,0.0,8.536078218646356,2411622.9808300445,11695897.51593089
42003472430000,13,12,12,0.9230769230769231,-1.0,343.93665196092195,2410324.3878654446,11689406.60814172
42003472480000,2,1,1,0.5,-1.0,345.0915109459052,2382824.004240212,11804135.517520845
42003472490000,3,2,2,0.6666666666666666,-1.0,165.91043933235716,2384304.398425717,11798437.830857292
42003472710000,10,12,12,1.2,2.0,345.4785341862369,2319322.1294814404,11700179.816512914
42003472790000,3,2,2,0.6666666666666666,-1.0,166.00360618614033,2360450.4835279295,11810871.08065908
42003472840000,4,4,4,1.0,0.0,346.1545833014866,2420359.2698809355,11699912.72403521
42003472910000,8,6,6,0.75,-2.0,163.17728970671325,2342468.58538459,11780025.337137908
42003472960000,2,2,2,1.0,0.0,345.76308377627987,2339045.8511207933,11666129.647238314
42003473130000,4,4,4,1.0,0.0,337.39197011439103,2416976.259142057,11704368.564583153
42003473240000,4,4,4,1.0,0.0,346.59827051262033,2346514.650996287,11659724.70752082
42003473400000,5,6,6,1.2,1.0,345.24285079972316,2421646.0862515615,11689711.501114475
42003473410000,8,6,6,0.75,-2.0,165.99379730024816,2419400.5225964524,11690288.56989893
42003473520000,6,6,6,1.0,0.0,345.77461067640024,2398639.1831348706,11684885.681488194
42003473640000,8,8,8,1.0,0.0,166.19883378839012,2385549.0118603315,11678796.785435554
42003473650000,6,6,6,1.0,0.0,343.1325237691323,2387982.5281572235,11677952.216947377
42003473710000,9,9,10,1.0,0.0,345.9336050619319,2367112.0858893506,11811541.453321131
42003473730000,11,11,12,1.0,0.0,345.4361372523971,2369842.525541881,11812347.562709313
42003473740000,4,4,4,1.0,0.0,165.30637915191687,2363205.9796894565,11756130.91130003
42003473750000,3,2,2,0.6666666666666666,-1.0,159.41510816513974,2360714.8966061296,11756772.503755257
42003473890000,4,4,4,1.0,0.0,342.8463284512401,2338583.1592834173,11674123.80933836
42003473970000,7,7,7,1.0,0.0,166.19927612205294,2344213.3059142334,11658481.969706915
42003473980000,4,4,5,1.0,0.0,162.65711905064123,2362147.444135741,11671227.278105337
42003473990000,5,4,4,0.8,-1.0,162.92295080044616,2355641.5978447665,11673319.162464872
42003474130000,4,3,3,0.75,-1.0,161.95289295029733,2389131.2211463167,11694844.850728063
42003474200000,6,5,5,0.8333333333333334,-1.0,346.17292126787925,2418927.611413072,11675978.810112294
42003474210000,1,1,1,1.0,0.0,166.11821901817038,2309058.139304169,11706921.560077399
42003474230000,6,7,7,1.1666666666666667,1.0,166.32582492266792,2412026.653896029,11680469.237540964
42003474240000,5,4,4,0.8,-1.0,165.7489320308535,2365293.0357135744,11809630.046098428
42003474290000,7,7,7,1.0,0.0,345.51056068338943,2369135.465583507,11810771.765289076
42003474300000,3,3,3,1.0,0.0,165.99504816673186,2382851.628769607,11797943.415705442
42003474310000,7,6,6,0.8571428571428571,-1.0,346.22462547194175,2417260.6156139746,11675490.438407686
42003474350000,2,2,2,1.0,0.0,165.86022546044637,2381193.8085922324,11797421.040615555
42003474360000,7,6,6,0.8571428571428571,-1.0,164.82136299306563,2379199.6375753963,11807898.45347004
42003474370000,9,7,6,0.7777777777777778,-2.0,164.8367538204368,2378080.7188911415,11807498.96943785
42003474550000,6,5,5,0.8333333333333334,-1.0,346.27838289012413,2366583.6475123633,11810024.000164917
42003474570000,6,6,6,1.0,0.0,165.0926297167128,2345746.4906655885,11770348.102732357
42003474580000,6,6,6,1.0,0.0,345.04180309417023,2372507.961826306,11811806.67583542
42003474640000,4,4,4,1.0,0.0,166.8022393625066,2419216.9917200534,11698840.133133415
42003474760000,7,6,6,0.8571428571428571,-1.0,166.0622981685624,2366793.333180365,11793310.463096756
42003474780000,3,2,2,0.6666666666666666,-1.0,346.0252225383231,2396791.2418320607,11674213.157536017
42003474790000,6,5,5,0.8333333333333334,-1.0,166.2871393869231,2369436.426743671,11794149.059418228
42003474820000,5,4,4,0.8,-1.0,165.47736183742936,2361791.437425928,11791483.342785519
42003474840000,7,6,6,0.8571428571428571,-1.0,165.9915110902168,2364438.0974557614,11792264.790008541
42003474860000,1,1,1,1.0,0.0,345.27044663740196,2348152.9891389003,11810013.480719196
42003474880000,6,5,5,0.8333333333333334,-1.0,343.49971153893847,2375646.9240087676,11675767.335640926
42003474890000,6,5,5,0.8333333333333334,-1.0,343.1685858653914,2381543.235671784,11681337.986752743
42003475000000,8,7,7,0.875,-1.0,343.81918013533556,2378657.217644903,11676310.709541144
42003475120000,9,5,5,0.5555555555555556,-4.0,346.24089969176947,2415213.73860142,11674985.063090557
42003475210000,4,4,4,1.0,0.0,165.4705767998695,2383095.899121468,11809170.40771815
42003475230000,11,7,9,0.6363636363636364,-4.0,348.08722981076704,2411821.1346469875,11691358.846347306
42003475320000,8,8,8,1.0,0.0,346.05606445680235,2375007.6935931016,11808753.760110732
42003475330000,3,2,1,0.6666666666666666,-1.0,344.8762039963632,2375430.823558595,11813957.251551764
42003475330100,7,6,6,0.8571428571428571,-1.0,164.61153774896016,2376882.2511034748,11808519.482355174
42003475340100,4,3,3,0.75,-1.0,344.61798043767743,2407679.612064764,11699194.00942884
42003475360000,4,5,5,1.25,1.0,342.3615701150978,2345166.6562082777,11770679.584734514
42003475500000,5,4,4,0.8,-1.0,343.59139811623464,2353931.0689491276,11679005.386204682
42003475510000,5,4,4,0.8,-1.0,162.53718178043022,2344933.4873096626,11780728.145483144
42003475570000,6,5,5,0.8333333333333334,-1.0,160.35793405541833,2384531.7328098114,11787523.420998365
42003475610000,6,6,6,1.0,0.0,162.76560276779276,2382765.2036330802,11786728.513512664
42003475620000,6,5,6,0.8333333333333334,-1.0,343.3347307485807,2355130.3545120535,11677899.970657691
42003475700000,4,3,3,0.75,-1.0,165.05892977079313,2340196.10440227,11763637.609192237
42003475710000,6,5,5,0.8333333333333334,-1.0,346.20953387988584,2414567.247760123,11674730.000764355
42003475730100,7,6,6,0.8571428571428571,-1.0,346.02435663792176,2415875.3031983487,11675068.262198757
42003475740000,7,5,5,0.7142857142857143,-2.0,344.7504382519435,2417939.383297063,11675738.317650393
42003475800000,6,5,8,0.8333333333333334,-1.0,165.72033415099838,2423057.0383551326,11679642.069353066
42003475840000,9,8,8,0.8888888888888888,-1.0,164.97200015105182,2380015.403331004,11784140.323015267
42003475900000,7,7,7,1.0,0.0,165.8461046983069,2367721.707290972,11793628.240776313
42003475960000,7,6,6,0.8571428571428571,-1.0,343.27327816319155,2357853.3648228194,11678263.137367435
42003475990100,5,5,4,1.0,0.0,345.3926180031022,2368434.1932871807,11687869.399698563
42003475990200,5,5,4,1.0,0.0,346.91494167332013,2368522.2936971076,11687677.758606786
42003476010000,7,7,6,1.0,0.0,164.82362093299295,2375785.6289067715,11809829.670035014
42003476030000,6,5,5,0.8333333333333334,-1.0,342.316933125271,2380720.3353825407,11786562.741396645
42003476060000,3,3,4,1.0,0.0,345.08010959614097,2363786.5797410295,11761884.47408049
42003476080000,7,5,5,0.7142857142857143,-2.0,165.23868408665328,2362665.4978346843,11791685.757943552
42003476090000,7,6,6,0.8571428571428571,-1.0,166.03722896237625,2365307.280321048,11792524.04227382
42003476110000,8,6,6,0.75,-2.0,165.2440121029652,2379916.8300036592,11808044.981336677
42003476120000,5,4,4,0.8,-1.0,163.34701527982747,2339622.70766326,11762975.958857115
42003476160000,6,6,6,1.0,0.0,345.2354136329598,2371584.1328268694,11811358.43710534
42003476180000,1,1,1,1.0,0.0,345.71669287192213,2355346.946737758,11762571.446352875
42003476190000,7,5,5,0.7142857142857143,-2.0,343.1966401194589,2356941.3274207627,11678443.888211623
42003476240000,7,6,6,0.8571428571428571,-1.0,345.95143799362154,2399486.2291353103,11685058.945489675
42003476250000,6,6,6,1.0,0.0,342.83629580362935,2335426.0282496843,11763579.009512553
42003476260000,4,4,4,1.0,0.0,345.9074106005068,2361058.1470103622,11816509.426141517
42003476330000,4,4,3,1.0,0.0,161.8280861264327,2381015.6295318296,11780390.94405929
42003476380000,8,6,6,0.75,-2.0,344.4286937651232,2370686.192442294,11811603.591852287
42003476390000,7,6,6,0.8571428571428571,-1.0,165.887181760042,2365940.23526603,11793113.231204476
42003476400000,8,6,6,0.75,-2.0,163.29608835960462,2363617.0307229096,11791973.020646604
42003476440000,3,2,2,0.6666666666666666,-1.0,346.4258467138411,2347604.558364389,11660041.072808102
42003476460000,6,5,5,0.8333333333333334,-1.0,166.27816957647943,2368576.4098932715,11793855.879648602
42003476470000,5,5,5,1.0,0.0,166.32575341446648,2370135.5870929766,11794501.3658403
42003476540000,5,3,3,0.6,-2.0,165.0836924372181,2360944.677680284,11791182.902217813
42003476550000,7,5,5,0.7142857142857143,-2.0,165.91501881588943,2368027.9957713652,11810671.19217528
42003476610000,4,3,3,0.75,-1.0,161.5450404611528,2423470.030833763,11694357.987763094
42003476620000,4,4,4,1.0,0.0,166.2064753114855,2338218.739838925,11671991.605613114
42003476630000,4,4,4,1.0,0.0,166.23060512283814,2337080.2918625735,11671677.713675428
42003476640000,8,8,9,1.0,0.0,342.5795930226111,2368469.4584818427,11816515.942279264
42003476700000,8,7,7,0.875,-1.0,165.25481749715183,2372139.890572944,11792223.328177372
42003476730000,4,3,3,0.75,-1.0,165.17179487015648,2368703.9462887705,11804956.106752956
42003476740000,3,3,3,1.0,0.0,165.4346241214333,2367966.3390441276,11804745.328754168
42003476760100,3,3,3,1.0,0.0,167.37594554530006,2384615.4318246357,11666945.411624145
42003476810000,5,5,5,1.0,0.0,164.64568660063787,2372059.65438689,11806118.009758286
42003476820100,6,5,6,0.8333333333333334,-1.0,165.74891762096644,2421582.4204866313,11679247.056853684
42003476820300,6,6,7,1.0,0.0,166.21844217601952,2421565.8575186776,11679836.495866401
42003477280000,5,5,5,1.0,0.0,165.31963556128238,2391228.077708257,11756503.675020132
42003477300000,6,6,5,1.0,0.0,162.142886718051,2374359.754283049,11790405.091890693
42003477320000,6,5,5,0.8333333333333334,-1.0,165.50652118779718,2373247.0467825932,11790441.024488073
42003477330000,3,2,2,0.6666666666666666,-1.0,165.1967947610589,2366439.613257685,11782165.405323926
42003477340000,5,5,5,1.0,0.0,165.4016102562564,2367650.987477989,11782545.060752582
42003477350000,7,7,7,1.0,0.0,165.1793121820669,2362272.724241481,11786907.138992615
42003477370100,3,3,3,1.0,0.0,165.63722302371394,2392705.7664825413,11756963.684808157
42003477380000,8,7,7,0.875,-1.0,165.24600073311106,2363037.4073859435,11787152.764352724
42003477390000,4,4,4,1.0,0.0,165.62426665677305,2391945.721515933,11756676.082386028
42003477400400,4,3,3,0.75,-1.0,164.81676237205733,2412682.977321037,11711128.532649197
42003477410000,9,6,6,0.6666666666666666,-3.0,164.84476012300425,2363785.136314672,11787411.734533902
42003477420000,7,4,4,0.5714285714285714,-3.0,165.42442395440528,2371025.7872428065,11789754.778485509
42003477430000,7,8,5,1.1428571428571428,1.0,345.53279927782955,2367531.317164785,11788825.43086876
42003477440000,7,5,5,0.7142857142857143,-2.0,165.24087828537202,2365353.1927165547,11788051.546734933
42003477450000,7,5,5,0.7142857142857143,-2.0,165.32167684248742,2366218.3594645015,11788311.128232868
42003477460000,7,4,4,0.5714285714285714,-3.0,165.2926567230018,2370011.2768383725,11789486.415054735
42003477470000,7,8,4,1.1428571428571428,1.0,345.35761081182244,2368316.869005126,11789128.474922363
42003477570000,9,8,8,0.8888888888888888,-1.0,340.1331926697904,2336616.631652185,11764976.082551828
42003477600000,5,5,5,1.0,0.0,165.2604616578846,2412987.9960287954,11683466.283568578
42003477600100,5,5,5,1.0,0.0,166.8760312482893,2413050.4730088906,11683073.038231488
42003477600200,6,6,6,1.0,0.0,166.4431641171245,2413536.1283790064,11681094.926813222
42003477710000,10,11,11,1.1,1.0,339.9884396489811,2341206.8145045238,11777581.132911567
42003477770000,5,5,5,1.0,0.0,165.42938756184853,2370017.0225628186,11805375.761900272
42003477780000,5,5,5,1.0,0.0,163.99203192757562,2373278.304953956,11806272.772341229
42003477790000,7,6,5,0.8571428571428571,-1.0,164.23725391265293,2376213.7432753923,11806425.190237947
42003477800000,5,4,4,0.8,-1.0,165.09959729070448,2371305.764257412,11805773.34923244
42003477810000,7,6,6,0.8571428571428571,-1.0,165.33592436687138,2374344.136371875,11806712.40427658
42003477960000,5,5,5,1.0,0.0,343.4442736906724,2359485.354244684,11679307.682654858
42003478000000,5,4,4,0.8,-1.0,164.59581154371446,2352239.2786085554,11770137.38542369
42003478030000,5,4,4,0.8,-1.0,164.40873920216362,2361176.433337956,11671000.701419774
42003478040000,4,2,2,0.5,-2.0,345.6860748813129,2419459.970727071,11707041.06674626
42003478080100,8,6,8,0.75,-2.0,335.98510459402706,2419804.8373146905,11679247.01060258
42003478090000,6,5,6,0.8333333333333334,-1.0,339.9064230516862,2420994.809242637,11679410.85493283
42003478100200,5,5,5,1.0,0.0,166.202577023904,2425279.7763978774,11685645.144760814
42003478110000,6,5,5,0.8333333333333334,-1.0,342.35710630658764,2345632.67877067,11775930.961886737
42003478120000,4,4,4,1.0,0.0,166.41462103148248,2426669.85840249,11686198.546495039
42003478130000,3,2,2,0.6666666666666666,-1.0,344.4830387405822,2356768.023631827,11668723.089983543
42003478160000,9,8,7,0.8888888888888888,-1.0,345.08381115119005,2349024.984718533,11772001.365697538
42003478210000,1,1,1,1.0,0.0,345.31206529047597,2339553.49439081,11796186.97576153
42003478340000,3,4,4,1.3333333333333333,1.0,165.2414041026065,2367706.61231539,11756165.187055303
42003478440000,6,6,6,1.0,0.0,343.6654287067522,2376666.7121948116,11675762.581767663
42003478480000,4,4,4,1.0,0.0,162.412079766251,2386075.7345415317,11788174.186603535
42003478630100,3,3,3,1.0,0.0,345.9722248761647,2380297.5178058827,11669917.283298437
42003478720000,2,2,2,1.0,0.0,344.26089832874806,2385138.3553411597,11694467.682494227
42003478730000,4,3,3,0.75,-1.0,168.06920537086484,2414387.9150735056,11712165.603721127
42003478740000,3,3,3,1.0,0.0,163.84272901271984,2415519.380043518,11712813.398797378
42003478750000,4,3,3,0.75,-1.0,166.3060872873779,2416951.518481548,11713768.576998798
42003478760100,2,2,2,1.0,0.0,165.28357636697453,2418438.6908343453,11713981.004823577
42003478770100,3,3,3,1.0,0.0,346.39770338041154,2435912.823899733,11685219.670634378
42003478780200,3,3,3,1.0,0.0,351.95583602615346,2435605.292597239,11684942.045525996
42003478900000,5,4,4,0.8,-1.0,159.8215920793563,2340971.801471023,11757824.034012746
42003478920000,3,3,3,1.0,0.0,344.7167423845132,2365583.5386892464,11759936.80651579
42003479040000,8,8,8,1.0,0.0,334.59061961200416,2378208.708834624,11676360.259900454
42003479050000,5,5,5,1.0,0.0,162.37647940049774,2349899.8788345614,11782709.845684733
42003479070000,6,7,7,1.1666666666666667,1.0,165.5011620908099,2387399.848979266,11679173.48933068
42003479080000,3,3,3,1.0,0.0,165.28190307864918,2387454.895902793,11758600.678295048
42003479090000,5,5,5,1.0,0.0,162.9387035788607,2360274.8672063313,11670387.707390843
42003479100000,5,5,5,1.0,0.0,165.45491259772655,2389318.129877996,11759112.434437316
42003479110000,4,4,4,1.0,0.0,165.84203482012444,2388436.4943172745,11758890.107410397
42003479120000,6,6,6,1.0,0.0,343.18351740227746,2376818.7140652426,11675468.692736125
42003479210000,1,1,1,1.0,0.0,345.17666547002773,2382023.0892810826,11731693.309316736
42003479220000,1,1,1,1.0,0.0,345.73830515024525,2393505.1221436355,11724125.52451036
42003479230000,3,3,3,1.0,0.0,343.0859839590361,2382726.0074717356,11792905.020917945
42003479320000,6,4,4,0.6666666666666666,-2.0,165.01043514432126,2378673.967155918,11769259.909328274
42003479330000,3,2,2,0.6666666666666666,-1.0,165.28067798141308,2381296.7967643524,11769942.475272529
42003479350000,4,4,4,1.0,0.0,168.79119305887744,2421243.8864071397,11700597.239197996
42003479360000,3,3,3,1.0,0.0,165.15282171369708,2422224.4900331423,11701074.316038627
42003479580000,2,2,2,1.0,0.0,165.07352627332395,2383037.526767658,11770535.613978846
42003479750000,8,8,9,1.0,0.0,159.98290189935148,2383905.0675315936,11678304.755351251
42003479770000,8,9,9,1.125,1.0,162.7509455583543,2385035.32289098,11678761.286302477
42003479780200,2,2,2,1.0,0.0,346.1604157606946,2368433.3222361477,11681618.222169943
42003479800000,12,11,12,0.9166666666666666,-1.0,165.19835881331963,2358531.244536658,11783777.783448674
42003479810000,9,8,8,0.8888888888888888,-1.0,165.31371750804894,2361137.3966099476,11784555.572182655
42003479820000,9,8,8,0.8888888888888888,-1.0,163.06525232637435,2362188.9819581164,11784822.15521838
42003479830000,9,9,9,1.0,0.0,165.65960016571918,2360236.2282845927,11784248.69286597
42003479840000,11,10,10,0.9090909090909091,-1.0,165.96651269105135,2359371.254253366,11783981.489922423
42003479850000,13,13,14,1.0,0.0,162.94554709711178,2357850.1360259037,11783501.517729418
42003479860000,5,5,5,1.0,0.0,160.67818378489127,2385181.34876158,11787932.09910414
42003479980000,8,8,8,1.0,0.0,344.80469779861187,2355908.250248039,11784610.538257148
42003479990000,7,6,5,0.8571428571428571,-1.0,345.28498013266807,2353301.8987327013,11783827.153033819
42003480000000,10,7,7,0.7,-3.0,165.1011859877461,2357242.121833995,11779376.782370204
42003480030000,8,7,7,0.875,-1.0,165.02973351972318,2352160.82993689,11777831.416947152
42003480040000,7,6,6,0.8571428571428571,-1.0,166.0241201871146,2351270.5217455467,11777525.823003404
42003480050000,7,6,6,0.8571428571428571,-1.0,165.72318353530773,2350648.0649101445,11776305.71545499
42003480090000,10,10,10,1.0,0.0,345.6724186885432,2374267.911715064,11784661.523846222
42003480100000,10,10,10,1.0,0.0,344.96728738953726,2375119.014135625,11784922.924564451
42003480110000,9,9,9,1.0,0.0,345.49586062169845,2376011.6989476606,11785207.92372778
42003480430000,9,7,7,0.7777777777777778,-2.0,163.10551327136977,2348319.576348695,11771154.568743944
42003480460000,2,3,3,1.5,1.0,165.92861005793748,2351060.318123031,11766360.508082367
42003480470000,8,7,7,0.875,-1.0,164.91693963790948,2347374.846014522,11770793.029385969
42003480480000,7,6,6,0.8571428571428571,-1.0,162.88636459227962,2346538.7932423255,11770612.337695243
42003480700000,7,7,7,1.0,0.0,165.15784300412213,2352856.905063996,11772490.09426337
42003480710000,7,8,9,1.1428571428571428,1.0,163.03524142082838,2350020.679020717,11775999.074912455
42003480720000,9,8,8,0.8888888888888888,-1.0,342.8818718966109,2356668.512494891,11784866.862406284
42003480730000,8,7,7,0.875,-1.0,342.69549719580965,2354984.18959322,11784323.68437217
42003480740000,7,6,6,0.8571428571428571,-1.0,343.6243456518095,2353960.044213287,11784039.183570266
42003480750000,7,6,6,0.8571428571428571,-1.0,342.8782016756738,2352311.4861990353,11783556.775721252
42003480800000,6,5,5,0.8333333333333334,-1.0,346.4760016253829,2415189.8173614736,11682048.752235275
42003480810000,8,7,8,0.875,-1.0,165.37889256879268,2354973.683705,11777321.739617802
42003480820000,10,8,8,0.8,-2.0,165.7271482998581,2358077.081013025,11779592.032312999
42003480830000,8,7,7,0.875,-1.0,165.9015583710541,2356347.2698006877,11779086.331529237
42003480840000,6,5,5,0.8333333333333334,-1.0,345.7703621088627,2416321.3898956683,11683438.86439966
42003480880000,9,8,8,0.8888888888888888,-1.0,345.814555019849,2405418.118042157,11688730.31852948
42003480890000,11,11,12,1.0,0.0,345.80369961456,2406706.580350872,11689122.888614006
42003480920000,6,4,5,0.6666666666666666,-2.0,159.67422743161984,2359527.766467234,11670281.655029966
42003481100100,5,5,5,1.0,0.0,165.83610339826063,2423796.324328157,11681755.10713382
42003481210000,5,5,5,1.0,0.0,336.00243610093503,2359885.619540281,11680513.077947661
42003481720000,4,3,4,0.75,-1.0,166.3598929335616,2402288.4543106537,11697252.32394128
42003481730000,5,4,5,0.8,-1.0,165.5683675375963,2403570.995794232,11697679.347937204
42003482040100,7,7,7,1.0,0.0,165.84051635664443,2418826.792334117,11688360.457823064
42003482050000,7,7,7,1.0,0.0,165.598261398894,2420008.1423951434,11689155.901306234
42003482200000,3,4,2,1.3333333333333333,1.0,335.8809754032285,2384154.666488212,11684213.606585335
42003482220000,6,6,6,1.0,0.0,165.35988684774978,2381898.800716862,11676283.86890905
42003482990000,4,4,4,1.0,0.0,346.0243756268183,2358983.9730213312,11735672.974830285
42003483390000,6,7,7,1.1666666666666667,1.0,345.94491066769064,2396922.7964858823,11684701.17695836
42003483400000,6,6,6,1.0,0.0,346.7523308674166,2398227.2582729077,11684944.235689819
42003483510000,3,3,3,1.0,0.0,165.81226080377698,2398520.7418361567,11672872.716659833
42003483520000,3,2,2,0.6666666666666666,-1.0,165.7255718794212,2399810.3947160747,11673302.843968444
42003483580000,4,4,4,1.0,0.0,345.5579593078102,2336955.1783206714,11673478.964691661
42003483780000,3,3,3,1.0,0.0,346.4688217490734,2356498.6763859494,11735359.2324098
42003483790000,4,3,3,0.75,-1.0,346.14598987165203,2403842.609101732,11707703.705475451
42003483800000,5,4,4,0.8,-1.0,342.4546614316133,2402492.2341809236,11707095.906198403
42003483830000,4,4,4,1.0,0.0,166.77504590425278,2410878.9380466957,11678589.903247003
42003483840000,8,8,8,1.0,0.0,166.08907295915054,2412825.167827898,11675989.2299729
42003484200000,6,5,5,0.8333333333333334,-1.0,164.43711419580296,2339228.154462184,11757042.634680152
42003484300000,3,3,3,1.0,0.0,346.5239747639475,2360247.69626668,11736031.10596586
42003484660000,8,7,7,0.875,-1.0,165.91561889269738,2355779.956008373,11777515.771822453
42003484670000,8,8,9,1.0,0.0,165.71606786902606,2354020.4214827223,11777045.800019585
42003484680000,8,8,9,1.0,0.0,165.72318866594387,2353328.824599417,11776847.895751912
42003484690000,8,7,8,0.875,-1.0,165.93510558157917,2348992.3991839625,11775478.740977582
42003484760000,4,4,4,1.0,0.0,346.6410696952279,2357747.0155750727,11735412.706111139
42003484770000,3,3,3,1.0,0.0,346.32447650915066,2381279.803557671,11667069.72605472
42003484780000,3,3,0,1.0,0.0,346.07890510275405,2383698.15864628,11663681.39365939
42003484780100,4,4,4,1.0,0.0,345.26911859503355,2382716.794336121,11667491.680849146
42003485080100,2,2,2,1.0,0.0,345.91564687351996,2430628.78219342,11693093.5794558
42003485090000,4,3,3,0.75,-1.0,345.7680594043458,2429295.7651420124,11692735.348766241
42003485100000,3,3,3,1.0,0.0,166.4000297962611,2409378.790270714,11701721.863705244
42003485110000,3,3,3,1.0,0.0,165.975259122798,2410352.8010323728,11703164.32971327
42003485120000,12,11,0,0.9166666666666666,-1.0,347.6600359640044,2410985.5008381763,11687263.875550982
42003485120100,12,12,12,1.0,0.0,347.3155488250797,2410402.6345674517,11690037.458816174
42003485190000,4,4,4,1.0,0.0,343.3694598688587,2427618.3580327174,11692193.459067672
42003485200000,6,4,4,0.6666666666666666,-2.0,345.9141452614233,2426534.082064098,11691874.14303511
42003485210000,13,13,13,1.0,0.0,345.70433069167774,2407758.3806946557,11690014.402509974
42003485220000,13,12,11,0.9230769230769231,-1.0,345.2614215330742,2409666.8146608975,11687806.697562579
42003485220100,13,12,12,0.9230769230769231,-1.0,345.97262824530776,2409458.2049265457,11688733.404006314
42003485220200,12,12,12,1.0,0.0,345.7672388837056,2409037.5327518536,11690351.938805964
42003485350000,2,2,2,1.0,0.0,343.69636022629146,2354851.9782781936,11739854.949989874
42003485360000,2,2,2,1.0,0.0,343.9406396117294,2356083.222538991,11740321.700366184
42003485850100,5,5,4,1.0,0.0,345.5405792018153,2417083.191647322,11704383.852936763
42003485850200,5,4,4,0.8,-1.0,344.8540721811832,2417047.2446557977,11704947.515420513
42003485860000,5,5,5,1.0,0.0,345.3347409604831,2418075.103964933,11705918.858084016
42003485990000,8,8,8,1.0,0.0,166.0299107861261,2385891.765542171,11678554.838906288
42003486000000,6,6,6,1.0,0.0,163.20140799881958,2387368.566595529,11678949.333681762
42003486550000,7,6,8,0.8571428571428571,-1.0,346.332765105622,2403064.38159564,11692168.5835156
42003486560000,4,5,6,1.25,1.0,341.79485769029,2401846.954023984,11690138.258009318
42003486570000,6,6,6,1.0,0.0,165.7593287284498,2416727.6310611013,11666705.83289563
42003486600000,5,5,5,1.0,0.0,165.87349880353057,2418226.0476320693,11667836.601725549
42003486600100,5,5,5,1.0,0.0,166.2150191496463,2418371.0667799357,11667137.820128717
42003486940000,2,2,2,1.0,0.0,163.22095520651487,2357817.4834222393,11729641.424764313
42003486970000,2,2,2,1.0,0.0,165.81387914005617,2353151.908785678,11744966.949224517
42003487250000,6,6,7,1.0,0.0,346.02860041342643,2400395.1995894527,11687204.152104974
42003487260000,5,4,5,0.8,-1.0,346.1837529498233,2401612.8844631272,11687524.106731417
42003487280000,5,3,3,0.6,-2.0,166.22525152273386,2404811.89627636,11698219.813948434
42003487290000,4,3,4,0.75,-1.0,164.74749403927282,2406154.81181484,11698362.561642148
42003487610000,6,5,5,0.8333333333333334,-1.0,345.81299172993266,2381349.707968668,11810369.173441432
42003487620000,7,6,6,0.8571428571428571,-1.0,345.8063624900112,2380806.1497360673,11808527.223245054
42003487620100,7,6,6,0.8571428571428571,-1.0,345.77123144020965,2380412.4388535554,11810074.259254713
42003488020000,7,5,5,0.7142857142857143,-2.0,342.4531294416047,2416777.5471108826,11686871.770729437
42003488030000,8,7,7,0.875,-1.0,346.2929611728131,2418091.3527782117,11687997.217717905
42003488060000,2,2,2,1.0,0.0,163.03722416788304,2354547.2188602127,11745540.156394418
42003488190000,2,2,2,1.0,0.0,163.89758258180575,2361627.930969449,11730805.409479924
42003488200000,3,3,3,1.0,0.0,164.44643531748505,2359699.4168904955,11730285.05024373
42003488380000,4,3,4,0.75,-1.0,346.32373092593184,2406952.2548140613,11673944.139271202
42003488390100,5,5,5,1.0,0.0,346.4136907485081,2408920.411295248,11671608.508421216
42003488390300,4,4,5,1.0,0.0,345.0002263755948,2408301.346160602,11674362.482360858
42003488420000,3,3,3,1.0,0.0,343.07908356285606,2386348.1790893003,11668531.450897656
42003488430000,8,6,6,0.75,-2.0,342.6125394688896,2411700.641675598,11675962.969604235
42003488450000,5,5,5,1.0,0.0,163.14407480461426,2410596.703633724,11670300.083991613
42003488460000,5,7,9,1.4,2.0,161.70498449131728,2411817.0660016364,11670696.000634857
42003488480000,4,4,4,1.0,0.0,341.3617462131661,2394458.812552223,11681918.262485895
42003488480100,4,4,4,1.0,0.0,343.27274107771905,2394105.970417342,11683330.117508192
42003488490000,5,5,5,1.0,0.0,343.3458978571032,2395346.0532444827,11683598.005169071
42003488500000,6,7,7,1.1666666666666667,1.0,343.55194623947637,2416064.5249164347,11665944.057637144
42003488500100,6,7,7,1.1666666666666667,1.0,343.8442959663963,2415825.477760689,11666661.056412987
42003488510000,5,5,5,1.0,0.0,343.5261478612085,2414576.235087976,11666303.965724962
42003488650000,4,3,3,0.75,-1.0,160.2477563820927,2399045.980484329,11654575.716810083
42003488650100,3,2,3,0.6666666666666666,-1.0,160.8650168030229,2399984.9392066216,11651945.047810547
42003488670000,3,3,3,1.0,0.0,343.1317820291919,2388568.5688947574,11669875.710933663
42003488680000,2,2,2,1.0,0.0,342.53628378239824,2390207.8694191086,11670264.101450222
42003488870000,4,3,3,0.75,-1.0,343.33891935673876,2399705.2823093813,11706139.623614484
42003488880000,5,4,5,0.8,-1.0,343.38184576171795,2400946.4842763385,11706560.321109511
42003488890000,3,2,3,0.6666666666666666,-1.0,341.11638296066724,2398188.437491445,11706016.159464616
42003488900100,4,4,4,1.0,0.0,160.07796910542547,2410397.952269134,11708472.631309308
42003488910000,3,3,4,1.0,0.0,154.61862484493466,2411677.4971941756,11709765.793521728
42003488930000,3,2,3,0.6666666666666666,-1.0,168.6571229498007,2408189.724874212,11709987.317969088
42003488950000,8,8,8,1.0,0.0,342.9265661904605,2378517.464878821,11785955.488918394
42003488960000,8,8,8,1.0,0.0,342.70062701704813,2376766.0641622073,11785439.511620773
42003488970000,8,8,8,1.0,0.0,343.00520831725026,2377642.8870510766,11785698.447690807
42003489210000,10,9,9,0.9,-1.0,163.02947619069204,2373479.7965135374,11784287.944945008
42003489220000,10,8,8,0.8,-2.0,162.96314599443136,2372606.286410276,11784015.528415596
42003489230000,8,7,7,0.875,-1.0,162.92486070935553,2371714.9807250975,11783736.866734672
42003489240000,7,6,6,0.8571428571428571,-1.0,162.76317536365121,2370824.926504638,11783459.542830091
42003489250000,7,6,6,0.8571428571428571,-1.0,163.2112158184192,2369934.950170637,11783159.233945262
42003489260000,7,5,5,0.7142857142857143,-2.0,162.92575876704433,2369077.0376309464,11782881.923716847
42003489270000,1,1,1,1.0,0.0,343.3427990428843,2361733.157594946,11685374.100272637
42003489280000,2,3,4,1.5,1.0,163.47584482530567,2362940.01407493,11676662.70647066
42003489730000,3,1,2,0.3333333333333333,-2.0,161.70849391538346,2403125.214357813,11651342.570736473
42003489900000,10,9,9,0.9,-1.0,341.6433738829749,2413328.241406334,11692659.319633696
42003489910100,8,7,8,0.875,-1.0,342.57696625939093,2414779.9328414463,11694197.069334973
42003489920000,5,5,5,1.0,0.0,343.11250763837955,2416139.2166445246,11696421.634333879
42003489930000,4,3,3,0.75,-1.0,343.30220973447433,2417691.989116107,11697695.844281588
42003490780000,3,2,2,0.6666666666666666,-1.0,343.24774021571346,2426530.878094895,11671322.651666533
42003490790000,4,3,4,0.75,-1.0,343.77996745576183,2427303.984314326,11673435.051906686
42003490800000,4,3,3,0.75,-1.0,341.63517265745116,2428398.042767171,11675346.021096576
42003490810000,4,2,2,0.5,-2.0,342.30917421832027,2429712.4655681173,11675356.07261037
42003490830000,4,2,2,0.5,-2.0,342.69057430642215,2432298.8250205484,11677195.90284266
42003490840000,3,3,3,1.0,0.0,343.12651521546223,2433542.4553507827,11678412.9532445
42003490850000,5,4,4,0.8,-1.0,343.03207193518426,2434817.3682971634,11679424.951223437
42003490860000,3,1,1,0.3333333333333333,-2.0,162.24645986519008,2406052.8214134914,11651868.177169546
42003490880000,2,1,1,0.5,-1.0,162.4113667649141,2408692.2574559012,11652772.401889928
42003490960000,4,3,3,0.75,-1.0,343.07137720516096,2376956.1869068956,11791032.958140485
42003490970000,5,4,4,0.8,-1.0,343.05175923720645,2376101.7380182445,11790794.774991166
42003490980000,6,6,6,1.0,0.0,343.22370321499426,2375227.865357756,11790507.379288526
42003491030000,3,3,5,1.0,0.0,343.3452646655474,2365522.8744804943,11690835.52663133
42003491040000,3,3,5,1.0,0.0,343.6751453339237,2367126.763349982,11691674.870181317
42003491430000,2,2,1,1.0,0.0,184.30397370302185,2389394.621699663,11683628.863166712
42079333440000,1,1,1,1.0,0.0,183.94215545119292,2238991.077269329,12130121.594166437
42079333790100,1,1,1,1.0,0.0,2.436840537565955,2271213.4749337444,12130186.482522398
42103343100200,5,5,3,1.0,0.0,119.92182289278229,2401098.7406026954,11488328.097082227
42103346360000,10,10,2,1.0,0.0,269.8206945919162,2382866.546510498,11450538.738001771
42103348130100,5,5,4,1.0,0.0,166.09899616854872,2402632.0220669257,11487004.327207185
42103349080000,3,3,3,1.0,0.0,124.65730500481145,2478813.58257268,11407759.925914802
42103349110000,3,3,3,1.0,0.0,114.22823454281732,2477988.67948735,11405996.885552432
42103349120000,3,3,3,1.0,0.0,120.05841435805846,2477743.6110087764,11407225.566291299
42103353360000,2,2,2,1.0,0.0,280.5835118312229,2465067.7480893987,11416258.726235244
42103353370000,2,2,2,1.0,0.0,280.7970956050118,2465329.573243644,11415132.770591184
42103356800000,1,1,1,1.0,0.0,28.088199629239508,2473611.2567927316,11425575.289810395
42103356810000,7,5,5,0.7142857142857143,-2.0,300.56525733390595,2458772.236104127,11428942.324245544
42103357090000,21,19,19,0.9047619047619048,-2.0,166.04537584136398,2361895.0898902873,11464664.706256073
42103357180000,22,21,21,0.9545454545454546,-1.0,164.5423350132613,2360576.660841354,11464307.180700004
42103357200000,19,17,17,0.8947368421052632,-2.0,165.48864955400086,2363084.108163937,11464846.33490444
42103357240000,7,5,5,0.7142857142857143,-2.0,299.3149109194582,2457960.868203138,11428306.185198624
42103357250000,8,8,6,1.0,0.0,342.4950083425158,2458988.6271018586,11435224.067945693
42103357650000,7,6,6,0.8571428571428571,-1.0,299.3419528726247,2457634.932066558,11427427.816650588
42103357660000,7,6,6,0.8571428571428571,-1.0,298.8529812036781,2457939.4707413875,11430509.85908141
42103357730000,4,5,4,1.25,1.0,300.1464171186052,2453511.3413740555,11432649.845652558
42103357750000,5,4,4,0.8,-1.0,300.5050289954115,2453350.1642747386,11433727.265490353
42103357760000,7,8,8,1.1428571428571428,1.0,298.3467963510525,2454976.671366842,11434137.386582367
42103357780000,7,6,6,0.8571428571428571,-1.0,298.1382031042657,2457133.4324532254,11426598.117410388
42103357790000,4,3,3,0.75,-1.0,299.109535020756,2460881.871314517,11440961.52672121
42103357800000,6,6,6,1.0,0.0,298.89106742328005,2457504.390366844,11425404.641862229
42103357890000,15,13,12,0.8666666666666667,-2.0,160.31130663777296,2367022.8908657385,11460937.407443926
42103357920000,4,3,3,0.75,-1.0,341.8797627854173,2450404.400539799,11430401.367143653
42103357930000,2,1,1,0.5,-1.0,299.00134322053196,2460705.2277232013,11444311.539386295
42103357940000,8,7,7,0.875,-1.0,298.44078869338824,2457914.638589995,11431519.383353762
42103357950000,5,4,4,0.8,-1.0,298.9372468388958,2459882.6376422816,11431534.824964281
42103357960000,3,3,3,1.0,0.0,254.38756768811584,2463732.3661366217,11420858.559365947
42103358010000,13,13,12,1.0,0.0,163.1203912883292,2356489.433968571,11462823.540370516
42103358220000,20,17,17,0.85,-3.0,165.29346151089456,2358124.337697588,11463381.003911711
42103358240000,20,19,18,0.95,-1.0,165.33429730402102,2359504.1125888256,11463685.402343176
42103358260000,16,15,15,0.9375,-1.0,344.29108815275845,2364570.9821810587,11465559.371878723
42103358270000,18,15,15,0.8333333333333334,-3.0,163.7923514850999,2365983.7290188037,11460262.321866063
42103358310000,5,4,4,0.8,-1.0,164.065571136612,2450336.2665878334,11424268.313090635
42103358370000,2,2,2,1.0,0.0,352.9499161218435,2419439.192721092,11447961.316456921
42103358440000,17,15,14,0.8823529411764706,-2.0,168.99719916773958,2362042.052161446,11458834.718718374
42103358450000,16,15,14,0.9375,-1.0,171.57048267370297,2364351.393115725,11459606.435077652
42103358460000,17,16,16,0.9411764705882353,-1.0,164.4356808555359,2360754.9749361724,11458554.074388493
42103358470000,16,16,16,1.0,0.0,164.54408978453884,2359629.192299792,11458319.452376954
42103358510000,15,15,14,1.0,0.0,177.54331183242684,2363330.7240295485,11459303.85128501
42103358540000,3,3,3,1.0,0.0,164.0847459633204,2447129.3259577863,11434345.061296657
42103358550000,3,3,3,1.0,0.0,343.04594692369136,2445554.52773799,11439885.721321823
42103358600000,6,5,4,0.8333333333333334,-1.0,163.92226304021784,2453236.6407393143,11427940.309466867
42103358610000,5,5,5,1.0,0.0,343.86280738697315,2448651.587150811,11429699.718469206
42103358620000,5,5,4,1.0,0.0,162.84691044931608,2451812.2807404436,11425570.205220021
42103358730000,3,3,2,1.0,0.0,164.27744889943665,2448943.283988189,11435044.135874428
42103358740000,5,5,5,1.0,0.0,344.0498673320752,2401708.01866658,11487711.600478813
42103358760000,21,20,20,0.9523809523809523,-1.0,167.88450110415226,2362159.929357183,11464419.383593367
42103358820000,18,16,16,0.8888888888888888,-2.0,164.5267586442201,2360719.9227373665,11458622.72545489
42103358830000,14,13,13,0.9285714285714286,-1.0,166.42934875707627,2366211.1221767496,11460532.858960904
42103359000000,2,2,2,1.0,0.0,344.279793167653,2417951.0050027957,11447575.153023481
42103359060000,12,12,12,1.0,0.0,161.49867748843297,2364818.0946865454,11454256.562232759
42103359070000,12,12,12,1.0,0.0,159.24664278258285,2364770.6669276734,11454315.247766048
42103359077000,21,18,12,0.8571428571428571,-3.0,159.0113391319443,2364363.053082984,11455402.001886625
42103359080000,12,12,12,1.0,0.0,167.129607499894,2362959.989580931,11453740.820924267
42103359090000,18,14,13,0.7777777777777778,-4.0,159.9444380831243,2365661.3955383818,11460334.047096128
42103359097000,20,20,13,1.0,0.0,160.5371832273364,2365364.824500171,11461212.85068839
42103359100000,17,16,15,0.9411764705882353,-1.0,160.70402675100627,2359325.9972332884,11458760.576170225
42103359110000,17,16,14,0.9411764705882353,-1.0,169.99087750570592,2364710.345242223,11459603.255422954
42103359120000,19,15,15,0.7894736842105263,-4.0,341.2004647168406,2363319.2909040027,11465205.762289792
42103359130000,14,14,14,1.0,0.0,166.08510588086116,2363709.2193774674,11453999.058832712
42103359140000,19,16,12,0.8421052631578947,-3.0,350.02370326484805,2363272.0909702145,11460019.722198814
42103359150000,9,8,8,0.8888888888888888,-1.0,340.99389277730074,2365962.1185601708,11465971.875740968
42103359160000,14,12,12,0.8571428571428571,-2.0,167.39126646147085,2367305.7910917234,11460602.766140547
42103359170000,9,8,8,0.8888888888888888,-1.0,339.04034213219956,2365999.239359822,11466185.137848554
42103359180000,20,21,19,1.05,1.0,164.72420291635177,2359622.599049851,11463601.767108921
42103359190000,16,14,14,0.875,-2.0,156.17419684591604,2362236.563348147,11459093.796744056
42103359200000,22,21,21,0.9545454545454546,-1.0,349.57905402057463,2360549.5884086536,11464398.687511507
42103359210000,19,17,17,0.8947368421052632,-2.0,349.09310351518474,2358035.8979667025,11463592.559599927
42103359220000,11,10,10,0.9090909090909091,-1.0,162.48674472952214,2368331.2005403778,11460920.027905678
42103359230000,11,10,10,0.9090909090909091,-1.0,162.65708982541068,2368460.8688041503,11460873.4085039
42103359240000,7,7,7,1.0,0.0,346.42218777563295,2366892.05127253,11466255.277630525
42103359250000,15,17,11,1.1333333333333333,2.0,175.07235345907327,2366333.027003013,11454588.845748048
42103359260000,10,9,9,0.9,-1.0,164.25379026975895,2356333.317427871,11457368.743372671
42103359270000,7,5,5,0.7142857142857143,-2.0,164.48739458357124,2369883.8199181333,11461395.966882922
42103359280000,16,14,14,0.875,-2.0,339.85015794085746,2364639.8968015537,11465768.187225543
42103359290000,14,14,14,1.0,0.0,165.39913781625566,2363722.398957247,11454023.115254719
42103359300000,7,7,7,1.0,0.0,344.6329900946423,2366886.7795067304,11466312.005511314
42103359310000,15,19,11,1.2666666666666666,4.0,172.7749646376276,2366340.7239513556,11454646.0192487
42103359320000,10,8,8,0.8,-2.0,164.54109182670402,2356232.286788595,11457222.79158076
42103359330000,7,4,4,0.5714285714285714,-3.0,166.94952502677276,2370006.6512249857,11461430.950254373
42103359340000,29,31,31,1.0689655172413792,2.0,164.7321319589848,2361641.497197019,11462800.849796914
42103359350000,18,15,15,0.8333333333333334,-3.0,343.55552216617457,2357328.521388284,11463435.712341301
42103359360000,17,15,15,0.8823529411764706,-2.0,164.63989966572416,2363931.187636786,11464820.968466915
42103359380000,5,4,4,0.8,-1.0,163.9252833455508,2449506.096021396,11424168.405705752
42103359400000,5,3,3,0.6,-2.0,163.96819307735208,2447758.5408967393,11423568.154431093
42103359450000,11,11,10,1.0,0.0,344.70805400547516,2355623.847048737,11462932.566617552
42103359510000,17,14,14,0.8235294117647058,-3.0,344.90333986601723,2356989.099013601,11463333.407423846
42103359520000,12,12,12,1.0,0.0,162.26242465779583,2357228.723208626,11457359.896020217
42103359530000,12,12,12,1.0,0.0,162.36105272021862,2357129.817437974,11457448.620436402
42103359660000,6,6,6,1.0,0.0,298.353614485703,2455502.279002293,11435853.63699841
42103359680000,8,7,7,0.875,-1.0,295.1393823064902,2455100.2349192016,11434894.40420182
42103359710000,11,10,10,0.9090909090909091,-1.0,344.70847310616,2355592.418297562,11462984.05882354
42103359720000,3,2,2,0.6666666666666666,-1.0,163.9139767198156,2445132.7579005267,11422809.41825628
42103359750000,4,4,4,1.0,0.0,254.98481789079807,2463477.204606121,11421655.43437477
42103359760000,3,3,3,1.0,0.0,253.63013836855635,2466169.9263658933,11421158.23337933
42103359810000,4,4,2,1.0,0.0,256.6793379536198,2453708.2247275375,11423798.440082293
42103359820000,3,3,3,1.0,0.0,343.76860151263736,2447374.5566490507,11440460.586645762
42103359840000,9,7,7,0.7777777777777778,-2.0,344.94094238188865,2354705.023632109,11462762.889539167
42103359850000,17,17,17,1.0,0.0,163.94548789419866,2358488.050505071,11457736.588430319
42103359860000,9,8,8,0.8888888888888888,-1.0,344.7045301855741,2354850.8374090455,11462704.962855993
42103359870000,17,17,17,1.0,0.0,164.51146432481707,2358291.2948092525,11457944.741004247
42103359890000,1,1,1,1.0,0.0,340.64773345658034,2437135.75424964,11476655.06769083
42103359900000,2,2,2,1.0,0.0,345.9510380385604,2432337.6836033897,11469113.318368264
42103359910000,1,1,1,1.0,0.0,164.46910215285754,2444064.733716385,11461649.018719818
42103359920000,3,3,3,1.0,0.0,346.3234956770571,2438724.3697356777,11466418.92611023
42103359930000,1,1,1,1.0,0.0,345.6883127956365,2444610.9697633893,11471880.779424801
42103359940000,5,5,5,1.0,0.0,331.26914202825196,2403798.883197723,11488545.673772607
42103359960000,5,5,5,1.0,0.0,345.33589334975113,2373948.6021520677,11468532.223754842
42103359990000,2,2,2,1.0,0.0,164.99414533142317,2391879.5260711582,11473653.048878724
42103360120000,3,3,3,1.0,0.0,163.71288339818582,2407146.246177828,11411143.165827716
42103360140000,7,7,7,1.0,0.0,165.50478509891659,2361790.633006932,11453185.414793465
42103360320000,14,14,14,1.0,0.0,166.49438100601523,2363955.5130702984,11454067.159815885
42103360370000,4,4,4,1.0,0.0,163.61749633514012,2459789.2450484484,11421151.52037704
42103360480000,4,3,3,0.75,-1.0,169.43399651556672,2389835.548203989,11473104.586184261
42103360490000,5,5,5,1.0,0.0,344.90838756190107,2375152.3573169634,11468790.737677665
42103360520000,6,5,5,0.8333333333333334,-1.0,343.7469532127538,2447848.1110636657,11429568.46645518
42103360530000,7,6,6,0.8571428571428571,-1.0,340.83484333194855,2446200.929262988,11429043.475166902
42103360540000,1,1,1,1.0,0.0,342.64819058426065,2460431.6008598623,11416961.886866197
42103360560000,5,5,5,1.0,0.0,335.188227298812,2402795.711576854,11488099.428301997
42103360650000,3,3,3,1.0,0.0,166.7603567733171,2405513.716010755,11411182.030200116
42103360670000,5,5,5,1.0,0.0,344.1454005479094,2450315.6556336754,11413688.046351619
42103360690000,3,3,3,1.0,0.0,161.69774915399663,2404536.7381580053,11410858.398657415
42103360700000,2,2,2,1.0,0.0,344.3149445769393,2456138.4898626413,11415403.56257547
42103360770000,4,3,3,0.75,-1.0,163.8872366289533,2454244.6062923903,11409160.32547205
42103360780000,12,12,12,1.0,0.0,169.49524175026858,2365183.78512331,11454487.703185996
42103360790000,4,3,3,0.75,-1.0,164.0386927844575,2446785.3987733917,11423497.811803075
42103360800000,8,4,4,0.5,-4.0,164.2184068902348,2360445.2232315894,11452790.675450183
42103360810000,1,1,1,1.0,0.0,163.8988604608016,2461282.777343503,11454965.575490098
42103360820000,3,3,3,1.0,0.0,163.51080111548393,2388478.125280506,11472619.545831826
42103360870000,3,2,2,0.6666666666666666,-1.0,164.51687283863396,2387091.1181963747,11472266.63619123
42103360910000,1,1,1,1.0,0.0,168.301931729924,2412431.741114272,11407314.91792617
42103360990000,21,21,18,1.0,0.0,165.59379999893036,2359791.930012135,11463459.888413426
42103360997000,19,18,18,0.9473684210526315,-1.0,165.2765454173823,2359696.38734238,11463869.109001938
42103361000000,20,17,17,0.85,-3.0,348.8020521420074,2360345.128735933,11459396.154431906
42103361010000,14,12,11,0.8571428571428571,-2.0,161.70860264385678,2366036.737048749,11454654.997107202
42103361030000,4,4,4,1.0,0.0,344.5639101048294,2376078.196726306,11469219.591770094
42103361040000,2,2,2,1.0,0.0,164.4876699801264,2376570.026467711,11463193.676738534
42103361050000,5,5,5,1.0,0.0,297.28977768548947,2455274.5321560353,11436964.419487126
42103361060000,3,3,3,1.0,0.0,164.5529607139437,2377681.491200887,11463527.253968447
42103361070000,22,19,19,0.8636363636363636,-3.0,166.0546605864674,2358402.6339572766,11462826.43262311
42103361080000,3,3,3,1.0,0.0,344.786475169283,2377241.912935746,11469548.492856823
42103361090000,22,19,19,0.8636363636363636,-3.0,344.58345162893494,2360975.5210418557,11464207.455700248
42103361100000,21,20,20,0.9523809523809523,-1.0,338.44626477116793,2362027.2411861653,11464511.187835906
42103361110000,2,2,2,1.0,0.0,345.45393339824983,2397796.5192936216,11492295.81167591
42103361110001,2,2,2,1.0,0.0,345.45393339824983,2397796.5192936216,11492295.81167591
42103361130000,4,3,4,0.75,-1.0,297.7243183246791,2454978.1239131615,11438139.606210554
42103361310000,4,4,4,1.0,0.0,347.1956045458978,2372839.881390503,11468178.337222714
42103361480000,6,5,5,0.8333333333333334,-1.0,163.43015601914038,2456051.079086528,11424398.576151092
42103361500000,10,7,7,0.7,-3.0,170.6785073607413,2361863.293341636,11453307.078971386
42103361550000,2,2,2,1.0,0.0,164.37222873701464,2429246.3156891065,11479015.020175077
42103361560000,2,2,2,1.0,0.0,164.38236554257693,2430520.442808694,11479361.79470675
42103361570000,12,12,12,1.0,0.0,342.5290131394351,2356356.748804943,11463025.549563998
42103361580000,14,11,11,0.7857142857142857,-3.0,164.42215056919838,2367294.7864040593,11460827.295281937
42103361720000,5,5,5,1.0,0.0,342.18120506564804,2458477.4565828815,11438381.75913518
42103361790000,13,12,12,0.9230769230769231,-1.0,343.0629252608588,2365307.931241318,11465661.141615102
42103361800000,20,19,18,0.95,-1.0,345.84801646093024,2358766.586421986,11463451.38136027
42103361810000,13,13,13,1.0,0.0,165.4234185459682,2366604.188172807,11460550.88911153
42103361820000,4,5,4,1.25,1.0,163.78304744005365,2458053.3067310615,11422371.429944173
42103362050000,3,2,2,0.6666666666666666,-1.0,343.57793327062035,2455356.7244129404,11415158.941199578
42103362060000,4,4,4,1.0,0.0,344.01475111113865,2451057.176050709,11413807.343562316
42103362080000,15,14,15,0.9333333333333333,-1.0,166.48989218341328,2365331.43487659,11459849.38383554
42103362090000,23,24,21,1.0434782608695652,1.0,168.76263268295773,2361444.886381504,11463692.19175348
42103362130000,18,17,17,0.9444444444444444,-1.0,345.8856546068697,2362583.036802152,11464954.901714172
42103362140000,17,16,15,0.9411764705882353,-1.0,166.17769550761577,2360111.4528386677,11459000.633531284
42103362150000,21,18,18,0.8571428571428571,-3.0,342.97948771870296,2360122.777956466,11464020.967110904
42103362230000,3,3,3,1.0,0.0,344.3898747439579,2371601.623670053,11467771.657299517
42103362320000,2,1,1,0.5,-1.0,164.3037719713195,2456899.2282765517,11410020.609759301
42103362340000,3,3,3,1.0,0.0,164.0860109988445,2451796.01754943,11408332.10479307
42103362370000,1,1,1,1.0,0.0,254.9815930419129,2414670.3393820785,11439183.082830736
42103362390000,17,16,16,0.9411764705882353,-1.0,163.08865894575834,2358746.9061992876,11458348.95019482
42103362450000,6,6,6,1.0,0.0,345.7852946941884,2445545.5167808984,11428001.164082576
42103362460000,5,3,3,0.6,-2.0,343.4728926202422,2443845.8688393375,11427499.300721524
42103362470000,17,17,17,1.0,0.0,162.66367307503734,2359930.2053676285,11459210.574798286
42103362560000,11,10,10,0.9090909090909091,-1.0,167.6934892101257,2356428.9068221636,11457675.484144948
42103362620000,14,13,13,0.9285714285714286,-1.0,165.66270890107728,2365108.0533694006,11455014.883830382
42103362630000,5,5,5,1.0,0.0,346.2510939876849,2448987.2572606164,11413249.304945115
42103362650000,14,15,15,1.0714285714285714,1.0,160.92113713043167,2357492.4957778514,11458250.217130192
42103362670000,1,1,1,1.0,0.0,163.62517208036516,2373544.61856593,11473576.370473422
42103362680000,17,15,15,0.8823529411764706,-2.0,165.56902814146292,2359028.560200846,11458317.295698956
42103362810000,2,2,2,1.0,0.0,164.39760975232326,2379546.5457379594,11464062.585558878
42103362830000,19,13,13,0.6842105263157895,-6.0,163.47499253234216,2363071.5757637313,11459508.111706963
42103362840000,20,18,17,0.9,-2.0,166.10963816216653,2363055.689500606,11464267.127221888
42103362840200,21,19,17,0.9047619047619048,-2.0,165.8424298264041,2363220.306746961,11464223.698719442
42103362950000,4,3,3,0.75,-1.0,343.87560717435935,2452484.9908105815,11414333.15076952
42103362960000,3,3,3,1.0,0.0,164.01879012205438,2452990.049706186,11408810.021092497
42103363180000,4,4,4,1.0,0.0,344.0121801178941,2448089.7690209635,11412354.052042939
42103363190000,3,3,3,1.0,0.0,344.2364743671671,2446776.1686029313,11412593.863833532
42103363410000,5,4,4,0.8,-1.0,345.49919583297213,2444708.759588094,11427976.758677546
42103363420000,6,5,5,0.8333333333333334,-1.0,343.8685008506195,2447178.094910783,11429180.60671564
42103363660000,2,2,2,1.0,0.0,167.7829219484472,2437710.5441772933,11465043.548208151
42103363730000,1,1,1,1.0,0.0,164.0843622097878,2442019.6173416944,11432940.820376717
42103363830000,2,2,2,1.0,0.0,163.10485818462132,2470514.3209223943,11438533.31304318
42103363870000,4,3,3,0.75,-1.0,164.07392989881308,2459630.0410122173,11436979.933804967
42103363880000,1,1,1,1.0,0.0,163.01651924664574,2475890.461086229,11431817.92890763
42103363890000,2,2,2,1.0,0.0,163.0923640774217,2463088.6636327794,11426461.496543486
42103363900000,6,4,4,0.6666666666666666,-2.0,166.20735916928552,2461752.550821587,11426123.51703302
42103363910000,5,2,2,0.4,-3.0,164.0824339940748,2446340.209677064,11433448.182886954
42103364610000,1,1,1,1.0,0.0,162.0433022643236,2458436.210500248,11399259.92206417
42103364700000,1,1,1,1.0,0.0,163.95148188383249,2419369.3596737254,11428953.654006109
42103365150000,30,28,28,0.9333333333333333,-2.0,170.62749827027343,2373414.1987037715,11440576.452585991
42103365220000,25,24,23,0.96,-1.0,160.7399032208359,2370739.372082103,11439652.5637873
42103365820100,1,1,1,1.0,0.0,164.01904327678372,2422513.728916073,11400322.059937838
42103366110300,2,2,2,1.0,0.0,344.7602936776308,2410528.6518007424,11433785.225810546
42103366110400,2,2,2,1.0,0.0,346.68781934051094,2410599.958228147,11433659.28560204
42103367280000,1,1,1,1.0,0.0,343.94670371449183,2472482.9679738497,11457231.612991985
42103368010000,9,8,8,0.8888888888888888,-1.0,170.50388981938158,2368229.7865634775,11439103.436120773
42103368020000,28,26,28,0.9285714285714286,-2.0,165.85633239287995,2371887.151472125,11440503.001345426
42103368030000,26,21,22,0.8076923076923077,-5.0,171.63270364737357,2375783.273827588,11441145.242639802
42103368900000,12,13,14,1.0833333333333333,1.0,167.33649226141438,2366365.7467282317,11439475.569187034
42103368910000,11,10,11,0.9090909090909091,-1.0,168.1707662261491,2364992.1848042966,11439087.714564908
42103368920000,27,24,25,0.8888888888888888,-3.0,173.56371217615364,2375638.672788973,11441105.914363448
42103369030000,12,12,12,1.0,0.0,346.7865897969259,2361821.594775959,11446931.865844466
42103369040000,31,29,26,0.9354838709677419,-2.0,173.71821444303927,2378239.671785838,11440570.598495461
42103369130000,35,33,33,0.9428571428571428,-2.0,160.7003075288928,2380010.4118994214,11441060.798685584
42103369150000,29,24,26,0.8275862068965517,-5.0,166.8624866298593,2374616.967395502,11441117.873907112
42103369230000,30,29,31,0.9666666666666667,-1.0,168.6039425420082,2372959.841891528,11440761.9210421
42103369360000,1,1,1,1.0,0.0,344.28163691397884,2421883.0797515092,11472877.27747869
42103369380000,8,6,6,0.75,-2.0,164.99232595434523,2361620.3564627385,11438096.722480526
42103369390000,11,11,11,1.0,0.0,164.68632542548957,2363160.3120275433,11438527.332263542
42103369570000,32,30,33,0.9375,-2.0,344.8589042242188,2369038.928538911,11448576.94414577
42103369580000,2,2,2,1.0,0.0,163.56663783736644,2362733.9678277364,11429763.940019902
42103369590000,32,30,32,0.9375,-2.0,344.61465107696,2368948.125951604,11448532.087478686
42103370150000,33,35,34,1.0606060606060606,2.0,164.39320181529834,2368916.400870119,11444536.283657435
42103370180000,25,25,25,1.0,0.0,175.9365546799218,2376766.3844851814,11441496.353819467
42103370190000,26,26,27,1.0,0.0,176.84220321438792,2376781.2388702855,11441803.55874423
42103370230000,25,21,21,0.84,-4.0,343.80373156783423,2367632.131321577,11449674.841029959
42103370430000,30,30,30,1.0,0.0,173.95221599683973,2374211.290941314,11441179.755298063
42103370610100,1,1,1,1.0,0.0,163.85282725457475,2401866.3149268287,11419383.234976493
42103370640000,30,29,39,0.9666666666666667,-1.0,164.48644681063215,2371479.071068445,11441255.537663594
42103370750000,6,3,3,0.5,-3.0,162.61244324020706,2355076.7652211003,11444692.401409414
42103370800000,29,29,36,1.0,0.0,163.79258596719174,2371474.093758866,11441101.951349411
42103370920000,24,20,21,0.8333333333333334,-4.0,167.33072576940657,2382892.745714861,11444832.955768257
42103370930000,12,11,14,0.9166666666666666,-1.0,162.78414170283858,2368022.3970271433,11440006.928001985
42103370940000,13,11,18,0.8461538461538461,-2.0,163.71254165509487,2368083.9779773364,11440167.704377703
42103371140000,11,8,8,0.7272727272727273,-3.0,164.80616192275852,2367565.245916228,11438661.157399675
42103371220000,34,33,32,0.9705882352941176,-1.0,162.00017057678377,2380799.3569087107,11441677.304618262
42103371280000,32,31,32,0.96875,-1.0,168.54939550611974,2372909.2518806383,11441034.393419597
42103371390100,1,1,1,1.0,0.0,164.40925411422882,2420569.6534024375,11459736.909169745
42103371490000,23,16,16,0.6956521739130435,-7.0,345.2588880398706,2366268.54289633,11449220.081520421
42103371510000,28,25,24,0.8928571428571429,-3.0,346.33461864168777,2368885.2729584253,11450001.751990266
42103371520000,27,25,24,0.9259259259259259,-2.0,165.32451854591693,2366449.442386587,11443920.201447517
42103371690000,20,19,19,0.95,-1.0,345.00572296298367,2365035.6525941617,11448834.304006893
42103371880000,35,32,32,0.9142857142857143,-3.0,166.44613426790792,2381601.496371073,11444009.474816743
42103372000000,21,22,25,1.0476190476190477,1.0,165.205016372422,2364499.468812599,11447082.662351837
42103372210000,10,6,6,0.6,-4.0,162.63946701106738,2384217.7557749664,11445539.759791411
42103372360000,42,47,47,1.119047619047619,5.0,164.5874658736872,2372634.657710727,11445404.968367064
42103372490000,19,19,19,1.0,0.0,347.9808551936959,2380251.0961684408,11451133.971699458
42103372650000,41,42,34,1.024390243902439,1.0,168.19700704602877,2371147.493884256,11446432.734276298
42103372790000,1,1,1,1.0,0.0,341.56008530734823,2390809.7042151755,11439368.928371347
42103372830000,22,22,22,1.0,0.0,343.39058435471077,2369880.360829441,11450600.031116823
42103372880000,18,15,17,0.8333333333333334,-3.0,167.86511354494866,2369602.1214830326,11439647.620130766
42103372890000,26,28,28,1.0769230769230769,2.0,162.5405289928128,2367880.087586758,11444138.166057577
42103372920000,30,25,37,0.8333333333333334,-5.0,163.76404411654644,2370291.255803828,11441065.227795655
42103372930000,42,41,41,0.9761904761904762,-1.0,164.22274350640137,2380061.635950342,11443853.546527807
42103372950000,1,1,1,1.0,0.0,343.35190431160856,2447635.627557072,11502696.838370364
42103373020000,28,27,27,0.9642857142857143,-1.0,161.54039728068497,2381983.3426055005,11442617.497670777
42103373060000,46,46,46,1.0,0.0,162.456061246604,2370201.4383101743,11444799.807262784
42103373120000,25,23,24,0.92,-2.0,172.77286499324018,2376599.5517322207,11441508.70622561
42103373190000,44,44,51,1.0,0.0,344.08914352244255,2378622.089763808,11444933.131715842
42103373220000,25,24,24,0.96,-1.0,343.5370593180606,2371225.7406348637,11450723.687267289
42103373230000,14,13,14,0.9285714285714286,-1.0,163.227347766025,2385540.2537348866,11445072.126942627
42103373240000,45,44,46,0.9777777777777777,-1.0,164.30728860319363,2379203.949038392,11443702.895742469
42103373260000,41,35,36,0.8536585365853658,-6.0,344.7766881497015,2378060.3757835124,11443453.850822374
42103373270000,28,28,42,1.0,0.0,162.0702746327464,2370452.675288411,11448892.174119182
42103373300000,31,31,44,1.0,0.0,164.174438021929,2371689.3771620793,11441730.321250796
42103373320000,43,43,45,1.0,0.0,343.74989346938463,2379283.0674885465,11444367.903616194
42103373380000,28,27,30,0.9642857142857143,-1.0,166.08343054993736,2372718.5855985056,11440482.639440566
42103373410000,40,40,48,1.0,0.0,344.2009172511095,2379450.5506273806,11445250.75550593
42103373490000,8,7,6,0.875,-1.0,162.3719974774224,2360876.2900192216,11444643.639498346
42103373500000,4,4,4,1.0,0.0,162.88489780579042,2365738.513503497,11422559.168597061
42103373510000,7,7,1,1.0,0.0,340.34080019030523,2470318.6268324107,11450044.89185094
42103373510100,2,2,2,1.0,0.0,342.97473305537363,2468957.4882654985,11454456.174365327
42103373510200,2,2,2,1.0,0.0,342.85698188518114,2469247.550140802,11453882.163922265
42103373550000,3,2,2,0.6666666666666666,-1.0,342.7901453376477,2380099.1282319687,11436482.5838456
42103373640000,1,1,1,1.0,0.0,343.24140989877577,2443331.3741755784,11502017.391263042
42103373680000,26,23,26,0.8846153846153846,-3.0,343.6665077677908,2369535.9275144325,11449619.163677663
42103373730000,33,31,40,0.9393939393939394,-2.0,164.1064488309699,2371974.890414008,11441773.721282806
42103373820000,1,1,1,1.0,0.0,163.04486896364782,2425823.906007006,11459137.232241374
42103373850000,25,22,27,0.88,-3.0,163.20326635021485,2366320.750396586,11446915.062999645
42103373860000,19,17,24,0.8947368421052632,-2.0,344.9215229287196,2363905.533738722,11446808.527130894
42103373880000,12,10,17,0.8333333333333334,-2.0,167.30601076636458,2364167.6033665612,11439117.90337404
42103373900000,34,38,25,1.1176470588235294,4.0,163.3612738959771,2373264.287224782,11445840.07770298
42103373910000,35,29,43,0.8285714285714286,-6.0,164.18242487405024,2374032.076263831,11442924.235940935
42103373920000,29,24,35,0.8275862068965517,-5.0,165.01192308716946,2374615.8814943307,11443010.420029674
42103373930000,29,25,36,0.8620689655172413,-4.0,163.51648777241985,2374673.9017741587,11443047.525411118
42103373940000,2,2,2,1.0,0.0,164.26362816906078,2362513.407852756,11429981.089144744
42103373950000,6,3,3,0.5,-3.0,163.51066065973217,2355130.936706092,11444719.845966034
42103373960000,6,3,3,0.5,-3.0,162.8708024936312,2355115.9086424364,11444622.999469053
42103374090000,18,14,16,0.7777777777777778,-4.0,344.04080348804416,2373292.9966533566,11450647.684826137
42103374100000,18,14,16,0.7777777777777778,-4.0,344.06635455096523,2373307.594295905,11450633.049266994
42103374120000,18,14,16,0.7777777777777778,-4.0,343.8561224986305,2373328.6108162124,11450601.867224712
42103374210000,4,4,4,1.0,0.0,162.9089596132842,2470517.5481314952,11445788.817105144
42103374217100,7,7,0,1.0,0.0,155.68964705949116,2469317.6648138566,11449594.60507951
42103374217200,7,7,0,1.0,0.0,159.71256315011544,2469278.778859334,11449557.657639774
42103374217300,4,4,4,1.0,0.0,161.67401358759022,2470156.660975667,11446896.652916372
42103374217400,7,7,0,1.0,0.0,165.27521540239476,2469498.1070021037,11449461.217067182
42103374217600,4,4,4,1.0,0.0,162.65475616123769,2470386.377599106,11446267.787129391
42103374220000,4,4,5,1.0,0.0,162.88923731143538,2469718.6064665103,11444129.323599428
42103374280000,18,13,16,0.7222222222222222,-5.0,343.65148235182625,2373333.19803972,11450708.04257325
42103374300000,30,27,34,0.9,-3.0,163.8213182588811,2370958.0836192174,11440910.157278102
42103374310000,27,29,36,1.0740740740740742,2.0,163.3539038494769,2371282.070346809,11440999.272620965
42103374320000,32,26,34,0.8125,-6.0,162.84873470427775,2370896.0848252056,11440904.892785732
42103374330000,27,29,36,1.0740740740740742,2.0,163.06093953903613,2371378.096357503,11440932.98138028
42103374350100,3,3,3,1.0,0.0,342.39561336055294,2444702.1563829025,11442399.690562967
42103374360100,1,1,1,1.0,0.0,343.46944369891344,2464244.2288978556,11399180.091021538
42103374390000,45,41,48,0.9111111111111111,-4.0,345.05739405818446,2378522.1231015297,11444645.84950838
42103374400000,38,33,44,0.868421052631579,-5.0,343.6942145637677,2377681.191712821,11444381.915002052
42103374410000,42,37,44,0.8809523809523809,-5.0,344.18846306718234,2378062.4505297663,11444720.328979857
42103374430000,33,30,33,0.9090909090909091,-3.0,168.82679278115404,2377554.8539743777,11442636.98917847
42103374440000,19,17,25,0.8947368421052632,-2.0,344.95814358790625,2363934.258024677,11446812.804164976
42103374450000,36,34,35,0.9444444444444444,-2.0,165.54079040407336,2378119.3436130937,11442826.319248889
42103374460000,42,39,46,0.9285714285714286,-3.0,344.4071355570935,2378184.214038604,11444802.283498649
42103374470000,19,17,24,0.8947368421052632,-2.0,345.2677283647848,2363934.700807353,11446711.718559925
42103374480000,19,17,24,0.8947368421052632,-2.0,345.2104929728573,2363877.110196586,11446875.570626982
42103374490000,18,16,23,0.8888888888888888,-2.0,344.1623756949881,2363646.696018083,11446731.359325299
42103374500000,16,14,20,0.875,-2.0,342.99849990291256,2363375.7252394194,11446663.180889137
42103374540000,35,33,30,0.9428571428571428,-2.0,163.66678250770303,2377422.35963263,11444817.861656498
42103374550000,30,26,31,0.8666666666666667,-4.0,171.29829393811366,2377137.431237243,11442645.52132819
42103374570000,42,39,40,0.9285714285714286,-3.0,343.6087920396873,2378375.8758277157,11443771.476865359
42103374600000,4,3,3,0.75,-1.0,343.2151859697155,2381367.360939261,11436861.090093879
42103374610000,4,3,3,0.75,-1.0,341.3436898380422,2382796.976010199,11437273.46128676
42103374620000,3,2,2,0.6666666666666666,-1.0,340.36160297237416,2384198.558713355,11437702.963669226
42103374670000,14,10,10,0.7142857142857143,-4.0,164.0726479130248,2385131.0043594176,11445026.077200042
42103374680000,13,13,13,1.0,0.0,163.46302663902276,2385934.9369010916,11445211.719478343
42103374690000,14,14,14,1.0,0.0,163.41581323350565,2385570.0788734234,11445058.713701218
42103374700000,1,1,2,1.0,0.0,343.3082782397872,2423838.2386568096,11479905.016059503
42103374710000,2,2,2,1.0,0.0,343.3614073922134,2422566.898680618,11484073.651707936
42103374720000,20,20,24,1.0,0.0,164.07833939836692,2375233.633725377,11450334.39467536
42103374730000,20,21,21,1.05,1.0,163.15418643988812,2375439.82783949,11450588.419067916
42103374750000,25,26,26,1.04,1.0,162.54278545670266,2376433.711258003,11450980.013264325
42103374760000,24,24,25,1.0,0.0,165.72822664297038,2375905.850266719,11450806.909237344
42103374770000,22,19,29,0.8636363636363636,-3.0,165.60044759693085,2375090.1046185507,11449603.412666949
42103374780000,26,24,24,0.9230769230769231,-2.0,163.58605762265145,2376177.749744096,11450933.096254196
42103374790000,43,44,45,1.0232558139534884,1.0,344.65050245728696,2379203.4480302315,11444309.178810451
42103374800000,45,46,46,1.0222222222222221,1.0,343.34390026669513,2378808.7224619426,11444035.353574388
42103374810000,8,4,6,0.5,-4.0,164.28989909524748,2390355.8483648826,11447541.539965756
42103374820000,4,4,4,1.0,0.0,164.01318159938717,2365407.3105029324,11422448.523122545
42103374830000,4,4,4,1.0,0.0,163.95610073930263,2365386.5977787157,11422484.93184276
42103374860000,4,4,4,1.0,0.0,163.27954071368615,2391200.8363506347,11447595.253593404
42103374870000,6,4,4,0.6666666666666666,-2.0,163.62299314056318,2390765.6618224364,11447532.946184263
42103374880000,4,4,4,1.0,0.0,163.31140200049725,2390871.592055875,11447685.260652412
42103374890000,4,4,4,1.0,0.0,164.0025945521137,2365374.341845568,11422478.84971698
42103374930000,27,27,37,1.0,0.0,162.11671565957167,2370435.5671549886,11449021.076425586
42103374940000,26,25,28,0.9615384615384616,-1.0,165.23148755077978,2369175.211505999,11449660.262234505
42103374960000,25,23,26,0.92,-2.0,163.39555543528257,2369434.514672877,11449988.640514906
42103375010000,27,26,28,0.9629629629629629,-1.0,165.96177172143143,2369322.525732437,11449328.500595301
42103375020000,28,28,41,1.0,0.0,163.15958674716668,2370269.119416965,11448462.350734195
42103375030000,27,28,41,1.037037037037037,1.0,163.2447613078175,2370217.4358124253,11448635.23928533
42103375040000,28,28,41,1.0,0.0,164.92780493717092,2369826.7460434595,11448471.705290684
42103375050000,30,24,29,0.8,-6.0,164.14216962856486,2370878.267112484,11449446.55139393
42103375060000,30,24,29,0.8,-6.0,163.73731202399026,2370824.9486560905,11449464.084232546
42103375070000,34,34,53,1.0,0.0,163.95301385929025,2371390.028620083,11447959.228729192
42103375080000,32,32,39,1.0,0.0,163.7196755494288,2371305.4783107704,11448960.72947903
42103375090000,32,32,39,1.0,0.0,163.63669555634468,2371348.6350131463,11448954.082250379
42103375100000,31,28,32,0.9032258064516129,-3.0,163.99558143604077,2371182.952829368,11449668.411585085
42103375110000,29,24,29,0.8275862068965517,-5.0,163.46441539707365,2370794.7636976545,11449451.569411315
42103375120000,4,3,4,0.75,-1.0,162.54009357275942,2449465.9352266514,11476611.181923335
42103375130000,3,2,2,0.6666666666666666,-1.0,162.69693560678886,2448207.5707514184,11476206.356898101
42103375140000,8,8,8,1.0,0.0,343.68394125359373,2356950.8917464176,11450400.649549477
42103375150000,11,8,8,0.7272727272727273,-3.0,343.10813604337375,2356565.2510632137,11450229.152281955
42103375160000,8,8,8,1.0,0.0,343.57767522256285,2357033.8109546555,11450153.875306059
42103375200000,3,3,3,1.0,0.0,344.00155379578837,2370752.564471556,11428370.123650596
42103375210000,11,8,8,0.7272727272727273,-3.0,343.1549292384846,2356608.5558214644,11450106.485462533
42103375220000,8,8,8,1.0,0.0,343.60405810795555,2357007.5849840445,11450177.793650236
42103375230000,8,8,8,1.0,0.0,343.08484509088936,2356928.4151600124,11450396.550973028
42103375240000,11,8,8,0.7272727272727273,-3.0,343.0387713527583,2356632.2359328545,11450109.182331346
42103375250000,3,3,3,1.0,0.0,343.07635431073277,2369497.62476179,11428089.731658418
42103375260000,3,3,3,1.0,0.0,343.5802166571621,2369683.687964011,11428108.929097515
42103375280000,29,32,34,1.103448275862069,3.0,162.1718622082586,2378935.8472500807,11450054.95460089
42103375290000,33,33,39,1.0,0.0,162.78325691109973,2378320.6805450404,11449867.559436135
42103375300000,30,32,36,1.0666666666666667,2.0,162.45727579802923,2378612.253082767,11449919.846115572
42103375320000,37,41,46,1.1081081081081081,4.0,162.56728978206667,2377910.7080400237,11448849.381264685
42103375330000,26,25,28,0.9615384615384616,-1.0,162.62600291674596,2379543.5554635148,11450335.134255309
42103375340000,36,38,46,1.0555555555555556,2.0,162.3612740101171,2378148.4755958864,11449186.041177884
42103375350000,20,19,19,0.95,-1.0,162.18168431685214,2379464.0350300763,11451681.56594024
42103375360000,36,38,47,1.0555555555555556,2.0,162.95835585499836,2377515.606410634,11448960.011098526
42103375370000,27,28,30,1.037037037037037,1.0,163.57341075835103,2379339.596661086,11450104.804808822
42103375410000,11,9,19,0.8181818181818182,-2.0,163.07651972780423,2364386.522981166,11439592.815171147
42103375420000,12,10,20,0.8333333333333334,-2.0,162.59717976303986,2364731.346697526,11439787.296909198
42103375430000,12,12,18,1.0,0.0,168.37812923887927,2363842.326959951,11439038.410293378
42103375440000,11,10,16,0.9090909090909091,-1.0,166.00063565510814,2364541.161529561,11439266.148633152
42103375450000,11,9,19,0.8181818181818182,-2.0,163.000114985224,2364241.4194482267,11440023.508499455
42103375470000,6,5,5,0.8333333333333334,-1.0,163.87638485155466,2361345.576888442,11438221.316537477
42103375480000,10,7,7,0.7,-3.0,162.64513498607184,2361953.25820244,11438397.547226503
42103375490000,10,10,10,1.0,0.0,343.96507188869333,2359493.6702698246,11446638.372234117
42103375510000,2,2,2,1.0,0.0,162.51973166560222,2428698.388267564,11473464.372192875
42103375520000,3,3,3,1.0,0.0,163.23644078849733,2429537.165915981,11472028.372716453
42103375530000,4,3,3,0.75,-1.0,163.1354434565064,2450703.555504902,11477264.505397338
42103375540000,3,2,3,0.6666666666666666,-1.0,163.77936315095187,2452002.950708077,11477602.6452686
42103375600000,1,1,1,1.0,0.0,342.51259557997105,2463797.999947075,11449875.062080286
42103375620000,27,21,30,0.7777777777777778,-6.0,162.93563709843696,2367195.319129917,11446922.207847245
42103375630000,26,19,22,0.7307692307692307,-7.0,162.98239442118958,2366675.582151596,11447186.363570895
42103375640000,26,21,30,0.8076923076923077,-5.0,163.37063211835547,2367159.9885130497,11447015.69460694
42103375670000,25,22,23,0.88,-3.0,163.21158813774358,2366528.96917212,11447336.246490877
42103375690000,24,22,23,0.9166666666666666,-2.0,163.35793788145907,2366216.4833419947,11447183.401127676
42103375770000,1,2,2,2.0,1.0,163.6543362066135,2438636.7360552363,11470771.955213178
42103375790000,37,35,40,0.9459459459459459,-2.0,340.01781256553426,2380525.9321667277,11445612.522351835
42103375800000,38,35,40,0.9210526315789473,-3.0,343.4695988733332,2380362.8273728304,11445531.6980526
42103375810000,32,31,34,0.96875,-1.0,344.0545426254142,2381088.291771409,11445705.874471571
42103375820000,35,33,37,0.9428571428571428,-2.0,343.97097518456184,2380631.6532857753,11445610.397075098
42103375830000,35,31,31,0.8857142857142857,-4.0,340.7405320513003,2381193.2289767424,11442972.633750165
42103375840000,32,28,28,0.875,-4.0,342.05834136909886,2381550.9480183404,11443024.701156508
42103375850000,40,38,44,0.95,-2.0,344.56562980350355,2379836.479808178,11445367.495425478
42103375860000,36,36,32,1.0,0.0,342.39856023278827,2380347.848448288,11442044.963965222
42103375870000,35,35,35,1.0,0.0,339.57913197118074,2380648.338085306,11442793.346393302
42103375880000,39,36,41,0.9230769230769231,-3.0,344.8597545538488,2380246.6356202597,11445422.736909265
42103375890000,40,39,47,0.975,-1.0,341.1305124617865,2379834.6588516757,11445355.102645151
42103375940000,21,21,21,1.0,0.0,163.73002903268903,2364793.992258377,11447866.454302656
42103375950000,21,20,23,0.9523809523809523,-1.0,164.74501403188717,2364291.499788451,11447075.138341751
42103375960000,21,20,21,0.9523809523809523,-1.0,163.97675502394895,2364771.7192769363,11447931.240001677
42103375980000,21,20,23,0.9523809523809523,-1.0,164.58268512932793,2364273.441907565,11447058.952258822
42103375990000,29,28,31,0.9655172413793104,-1.0,164.13839283312024,2372891.480670338,11440512.998832151
42103376000000,29,25,28,0.8620689655172413,-4.0,164.28969655981376,2372505.6714376444,11440405.043522071
42103376010000,33,30,39,0.9090909090909091,-3.0,164.1669637340487,2373092.763435185,11441661.23096051
42103376020000,29,25,29,0.8620689655172413,-4.0,164.93165271101356,2372337.895792771,11440457.122385683
42103376030000,31,31,41,1.0,0.0,166.21468620978695,2372775.747497198,11441550.623506136
42103376050000,33,30,39,0.9090909090909091,-3.0,164.87672486907277,2373065.1435804903,11441664.793313425
42103376060000,30,29,39,0.9666666666666667,-1.0,163.87231937434572,2373450.787650518,11441798.242754504
42103376090000,14,10,12,0.7142857142857143,-4.0,163.42829085911228,2387679.722530161,11447164.804255193
42103376100000,12,12,12,1.0,0.0,163.54642853761277,2387272.58651404,11446972.193206653
42103376110000,14,11,12,0.7857142857142857,-3.0,163.26273851422815,2387651.988282647,11447217.536652513
42103376120000,13,11,11,0.8461538461538461,-2.0,163.43785179474483,2387613.8128644754,11447075.02671985
42103376130000,12,12,12,1.0,0.0,163.10298617060906,2387149.8336985135,11446972.053655155
42103376140000,12,12,12,1.0,0.0,163.3649984354555,2387258.129950079,11446961.387774356
42103376150000,13,11,11,0.8461538461538461,-2.0,163.16651470425182,2387379.5032907734,11447017.942787211
42103376160000,13,12,12,0.9230769230769231,-1.0,162.96329643918386,2386923.5565251242,11446862.61272528
42103376220000,38,35,40,0.9210526315789473,-3.0,343.5194569731203,2380320.560033519,11445544.47363387
42135001870100,3,4,3,1.3333333333333333,1.0,48.776177863046826,2346766.8777089654,11645158.488848075
42135031200100,8,10,4,1.25,2.0,229.54339857711648,2350363.917798767,11646720.202510543
42135031640100,9,8,5,0.8888888888888888,-1.0,48.278863728364115,2349911.55894288,11647673.8214149
42135075660100,2,1,1,0.5,-1.0,77.56274085622472,2409721.2279889444,11620721.800246783
42135302740100,1,1,1,1.0,0.0,238.932521148137,2417195.1218089955,11631732.514277987
42135367420100,2,2,2,1.0,0.0,42.58955248038769,2372600.821155905,11517464.343735844
42135367430100,2,2,2,1.0,0.0,340.0958146791645,2372441.2891606763,11516370.527774505
42135373870200,4,4,3,1.0,0.0,71.84424416303735,2399573.0311756628,11654887.809474766
42135381080100,1,1,1,1.0,0.0,75.40518698891107,2326678.1481180647,11637837.5033653
42135384700000,3,3,3,1.0,0.0,162.33745238145954,2345707.266312768,11503947.738067377
42135385180000,3,3,3,1.0,0.0,164.32160683338643,2344582.1765306434,11503668.836492911
42135386380000,3,3,3,1.0,0.0,344.09520142878256,2344490.5702419407,11509168.042638317
42135388190000,3,3,3,1.0,0.0,165.7329622825724,2343460.9640039266,11509107.652439002
42135394050000,3,3,3,1.0,0.0,163.469707044114,2343468.3954515737,11503474.03232684
42135394060000,3,3,3,1.0,0.0,164.83985391442704,2342252.227437553,11508578.5463552
42135413340000,2,2,1,1.0,0.0,254.8659596449271,2352483.2852840615,11623306.058737844
42135421490000,2,1,1,0.5,-1.0,344.4169531694394,2469725.557460793,11519388.182858689
42135423690000,2,2,2,1.0,0.0,164.24947095186735,2463180.553022288,11522068.34624239
42135423720000,2,2,2,1.0,0.0,346.4231884072085,2459990.8960769,11532823.252089635
42135425210000,4,4,4,1.0,0.0,343.64602254130267,2462761.899127563,11505234.975453548
42135425280000,3,3,3,1.0,0.0,344.02217290189327,2349261.935834631,11621749.03738477
42135425290000,3,3,3,1.0,0.0,343.48844798851553,2350405.2971618655,11622093.542566631
42135426120000,1,1,1,1.0,0.0,345.7323111062281,2421109.9213865427,11639123.918998294
42135426170000,1,1,1,1.0,0.0,255.50567548214588,2402784.599504249,11638562.832678985
42135428060000,2,1,1,0.5,-1.0,164.69989465357955,2467193.0141068487,11517535.529299006
42135428210000,2,2,2,1.0,0.0,166.0554873071849,2325978.8724035583,11647602.970576089
42135428370000,3,3,3,1.0,0.0,341.4593868766286,2461899.0056532575,11503356.115145333
42135428370100,3,3,3,1.0,0.0,343.2996552264766,2461388.7640254376,11505096.310580451
42135428650000,2,2,2,1.0,0.0,343.8023596338121,2464226.6605642615,11508396.815180745
42135430880000,5,4,4,0.8,-1.0,163.9444977246044,2358022.2772636325,11640283.041082105
42135431410000,2,2,2,1.0,0.0,345.14972832697805,2322763.969532327,11641488.864883099
42135431570000,5,3,3,0.6,-2.0,163.93588339608453,2354144.869638987,11639036.198740117
42135431580000,2,2,2,1.0,0.0,165.51227186417077,2324754.9315483365,11647136.397321535
42135433170000,5,5,5,1.0,0.0,165.8415424070178,2352636.0943057165,11638960.27395773
42135433940000,6,5,5,0.8333333333333334,-1.0,164.8546593080049,2359237.637481786,11640621.287879769
42135433990000,3,3,3,1.0,0.0,163.65354524810468,2361682.2658341723,11641765.391507063
42135434110000,3,3,3,1.0,0.0,343.3160685675083,2423074.4879604476,11513024.840036815
42135434230000,4,4,4,1.0,0.0,164.35172793380468,2360392.959101926,11641547.144191315
42135434240100,5,5,5,1.0,0.0,163.69158536793634,2350163.2267228174,11638382.618841857
42135434250000,5,4,4,0.8,-1.0,164.40009205936596,2351415.31470964,11638742.65835933
42135434800000,1,1,1,1.0,0.0,344.12853088761983,2427300.9042755035,11514516.195691943
42135435420000,4,4,3,1.0,0.0,344.4775923597471,2350347.852897726,11649619.445946738
42135435430000,4,5,4,1.25,1.0,344.47669005041985,2351570.539522781,11649913.392579641
42135435450000,6,7,5,1.1666666666666667,1.0,344.6295753691354,2350060.918556423,11644110.83341835
42135435480000,4,4,4,1.0,0.0,344.6125648907489,2348043.052376584,11643463.509357624
42135435490000,5,6,5,1.2,1.0,344.43725053861766,2349124.695460516,11643844.65425329
42135435980000,7,6,6,0.8571428571428571,-1.0,343.6889379675213,2351472.897055233,11643937.595033765
42135436130000,4,4,4,1.0,0.0,344.3530218555326,2469327.129003449,11505150.403853824
42135436140000,4,4,4,1.0,0.0,344.5986831437071,2469308.488958229,11505126.651171
42135436500000,3,2,2,0.6666666666666666,-1.0,344.85798196222146,2380185.9445868246,11503199.57508094
42135436550000,7,6,6,0.8571428571428571,-1.0,344.81101633915387,2352550.2100405777,11644505.576374227
42135436570000,3,3,3,1.0,0.0,164.8432026245925,2348198.597322125,11637673.757522676
42135436580000,4,4,4,1.0,0.0,164.2877622021937,2348943.8042680034,11637981.409803852
42135436830100,2,2,2,1.0,0.0,344.5211212226301,2423891.135409839,11510693.151784685
42135437000000,3,3,3,1.0,0.0,345.76572680797756,2380485.092441016,11504686.286169682
42135437180100,1,1,1,1.0,0.0,162.52318211980594,2410384.4232581994,11631260.913807575
42135437190100,1,1,1,1.0,0.0,344.5357266295406,2412307.7770372834,11653613.826392224
42135437230000,1,1,1,1.0,0.0,343.85204705387315,2359525.1380715147,11614324.210787833
42135437310000,3,2,2,0.6666666666666666,-1.0,344.9164180705693,2382956.915413941,11504145.121194657
42135437420000,4,4,4,1.0,0.0,344.5821327132375,2468048.4171004584,11504803.997902144
42135437430000,4,4,4,1.0,0.0,344.60295099356273,2468584.464300558,11505080.345751267
42135437640000,1,1,2,1.0,0.0,342.96761204030395,2421590.7175792,11518372.146990608
42135438050100,2,2,2,1.0,0.0,163.8616038246483,2425871.2558753155,11503097.28411562
42135438130000,6,6,6,1.0,0.0,164.3407003913284,2469742.24648845,11526843.246481888
42135438140100,6,6,6,1.0,0.0,164.27443057385108,2470265.131021968,11527163.545446504
42135438150100,6,6,6,1.0,0.0,164.4158998879208,2470872.0422557923,11527310.543222807
42135438160000,6,6,6,1.0,0.0,164.1463498615056,2471468.9337627487,11527455.302149441
42135438170000,5,5,5,1.0,0.0,164.26475542167967,2472129.354914381,11527722.19830548
42135438230000,2,2,2,1.0,0.0,163.78181742565803,2431637.5345879113,11499505.596663043
42135438240000,5,5,5,1.0,0.0,164.2125469285955,2469094.364722103,11526888.336290393
42135438520000,3,3,3,1.0,0.0,166.14774885071253,2406982.2465395727,11619336.376283757
42135438780100,1,1,1,1.0,0.0,164.13500991883367,2459083.1178236743,11501517.183887675
42135438800000,2,2,2,1.0,0.0,163.75672677979477,2472601.89379352,11491624.890485471
42135438810000,2,2,2,1.0,0.0,163.70702322046924,2473224.27133305,11491816.413632851
42135438850000,1,1,3,1.0,0.0,344.620472576341,2462528.6846794747,11527980.128951378
42135438940000,3,3,3,1.0,0.0,164.0111852476394,2429566.4739880348,11498701.881212177
42135438970000,1,1,1,1.0,0.0,164.46044650584884,2428526.699735609,11625462.200635212
42135439050000,5,4,4,0.8,-1.0,166.20408353368956,2356641.289119482,11640217.675205315
42135439060000,4,2,2,0.5,-2.0,345.7989390346178,2355695.3961700927,11648244.118674185
42135439160000,6,5,5,0.8333333333333334,-1.0,344.4323970383056,2354452.8787595937,11647984.514572086
42135439170100,6,5,5,0.8333333333333334,-1.0,164.7815571963332,2353697.719454142,11645094.940587487
42135439170200,9,8,8,0.8888888888888888,-1.0,164.44517319430625,2354482.6491518226,11642325.98170362
42135439300000,3,3,3,1.0,0.0,165.29793979282852,2475105.236242762,11506488.901774812
42135439310000,3,3,3,1.0,0.0,163.30846770306158,2475600.07214375,11506700.184378687
42135439320000,3,3,3,1.0,0.0,164.3454465588528,2475681.6758207264,11506660.982040765
42135439330000,1,1,1,1.0,0.0,344.36305863488127,2456052.4067258695,11512068.044191014
42135439380000,4,4,4,1.0,0.0,163.78028067968643,2476555.8400135282,11517868.931614619
42135439390000,4,4,4,1.0,0.0,165.2728400788929,2476052.5551880267,11517764.31864607
42135439400000,4,4,4,1.0,0.0,164.1675326030617,2475714.8983365195,11517775.925546715
42135439410000,4,4,4,1.0,0.0,166.44928371097478,2474789.6946262973,11517529.640651725
42135439570000,3,2,2,0.6666666666666666,-1.0,344.4857293383034,2433630.1034487085,11627225.832918368
42135439580000,4,3,3,0.75,-1.0,344.40697449020615,2435023.2322457554,11627801.853461359
42135439590000,4,3,3,0.75,-1.0,344.53850825015564,2436445.028122463,11628238.850739375
42135439600000,3,2,2,0.6666666666666666,-1.0,344.28476011561787,2437961.3747981256,11628611.610261306
42135439760000,2,2,2,1.0,0.0,164.99743455942087,2404464.2605651785,11618795.695194438
42135440780000,1,1,1,1.0,0.0,345.58635404387843,2361348.1392651997,11636164.901351154
42165012010100,1,1,1,1.0,0.0,259.94386743363077,2350429.6863405844,11822439.793641042
42165347480100,1,1,1,1.0,0.0,182.49825287011282,2342082.279274452,11819559.82445395
42165351700100,3,3,3,1.0,0.0,253.88683198269052,2344914.9631095356,11833983.498594454
42165351740100,3,3,3,1.0,0.0,254.89185248649937,2344543.031954964,11835069.854701746
42165353260000,1,1,1,1.0,0.0,245.99509278062845,2357424.2756534177,11815386.800020661
42165354940000,3,3,3,1.0,0.0,75.23169759458911,2344264.943646292,11834146.924665922
42165357820100,1,1,1,1.0,0.0,342.557802759836,2349595.4718187395,11844207.545917083
42165380580000,7,6,6,0.8571428571428571,-1.0,166.0094509999617,2364030.9566427018,11814840.78770028
42165384090000,4,4,4,1.0,0.0,166.3636173089223,2361866.4585768897,11810624.930765059
42165384120000,7,7,7,1.0,0.0,345.1164240868388,2366503.8114254368,11822774.779047213
42165384950000,8,9,9,1.125,1.0,344.7979892721737,2363689.844970093,11835084.080486368
42165385000000,6,6,6,1.0,0.0,165.0124930126921,2364795.4537426396,11815154.646611609
42165385010000,8,8,8,1.0,0.0,344.7612791826285,2364599.745269087,11822029.626448503
42165385040000,7,6,8,0.8571428571428571,-1.0,161.2265586340523,2366777.2082158914,11833146.295333222
42165385070000,6,6,6,1.0,0.0,345.151672576068,2371023.2754123164,11817004.830728311
42165385080000,6,6,6,1.0,0.0,344.82249401751244,2363076.902076397,11821558.812097132
42165385470000,8,9,5,1.125,1.0,346.55114152304407,2363140.4129126132,11818503.131584719
42165385690000,9,8,8,0.8888888888888888,-1.0,164.98540279602705,2362715.9446156486,11830706.144396253
42165385790000,5,7,5,1.4,2.0,344.7131365375016,2362971.8843551483,11839790.225960694
42165385900000,7,7,7,1.0,0.0,345.06942597265606,2370013.7974936785,11816953.118465561
42165386010000,8,8,8,1.0,0.0,164.34432540882747,2367054.338218025,11815272.677851735
42165386050000,4,4,4,1.0,0.0,165.91542802106844,2369325.575871246,11821940.443335272
42165386080000,8,6,6,0.75,-2.0,165.39412416515987,2373129.1679381616,11811534.524616499
42165386090000,8,7,7,0.875,-1.0,165.17067660848812,2369121.5321500646,11816256.759412304
42165386100000,8,8,8,1.0,0.0,163.8276635715952,2367846.0277941287,11815883.80522045
42165386190000,10,9,9,0.9,-1.0,344.5270731367852,2364923.483988729,11817805.609742284
42165386230000,10,11,6,1.1,1.0,344.6184352090092,2366337.858548023,11820186.587433668
42165386240100,5,3,3,0.6,-2.0,345.27664552076783,2371761.4054641556,11817495.568148341
42165386250000,9,7,4,0.7777777777777778,-2.0,345.07049290324716,2367698.1943270136,11820917.80473468
42165386260000,4,5,5,1.25,1.0,164.61953758918278,2363191.1965629254,11822401.755658071
42165386300000,8,7,6,0.875,-1.0,165.434924109134,2365022.333094867,11823361.539205216
42165386330100,6,6,4,1.0,0.0,165.51293435520338,2366806.167508819,11824045.785409652
42165386500000,4,5,5,1.25,1.0,345.21621494374153,2361047.6852663253,11827864.496995924
42165386510000,10,11,6,1.1,1.0,345.083383102037,2363869.9503836567,11827359.165846955
42165386520000,8,8,8,1.0,0.0,344.865014661848,2363122.871920336,11834931.993706588
42165386530000,6,6,6,1.0,0.0,344.55743490386146,2361785.814972406,11828171.734245878
42165386540000,8,8,8,1.0,0.0,345.2149137298494,2364227.4114510743,11829235.733647443
42165386560000,8,7,6,0.875,-1.0,165.36273068334282,2365391.652589985,11828617.64611775
42165386580000,1,1,1,1.0,0.0,345.5049919640072,2369455.5861255806,11827374.107900165
42165386590000,8,8,8,1.0,0.0,164.881927653289,2364274.6484901216,11836690.661969066
42165386600000,8,8,8,1.0,0.0,165.02783635185764,2365246.9108218364,11836997.164018441
42165386690100,7,6,6,0.8571428571428571,-1.0,344.66022467286837,2362543.6267441553,11828427.573833603
42165386950000,8,7,7,0.875,-1.0,164.95455616078408,2365279.121738334,11831468.754862858
42165386960000,5,4,4,0.8,-1.0,344.53521922529706,2366353.356118779,11838013.828063395
42165386980000,9,7,6,0.7777777777777778,-2.0,344.67357224255363,2364040.7068985095,11836031.919655968
42165387000000,3,3,3,1.0,0.0,344.72838288007364,2363126.743387458,11842284.1341715
42165387010000,3,3,3,1.0,0.0,344.76106165017524,2363985.4448728664,11842579.358057909
42165387020000,7,7,7,1.0,0.0,165.24370174637926,2366133.522319683,11831744.960816383
42165387240000,1,1,1,1.0,0.0,166.04168363882027,2357169.536020343,11830769.362258662
42165387250000,1,1,1,1.0,0.0,346.0186720023142,2355171.031911404,11838634.635677233
42475303260100,1,1,1,1.0,0.0,206.04106995674488,2316401.5435765656,11473100.58856649
42475346740000,2,2,2,1.0,0.0,162.55800961425945,2328828.8831888735,11443028.811759926
42475346740001,2,2,2,1.0,0.0,162.55800961425945,2328828.8831888735,11443028.811759926
42475348300000,5,4,4,0.8,-1.0,335.5651496658822,2310079.8553461144,11482021.287358593
42475348770100,6,5,5,0.8333333333333334,-1.0,333.4028879525054,2308926.387526227,11481446.267527577
42475348770200,6,5,5,0.8333333333333334,-1.0,332.70317522811473,2308774.983115017,11481701.102809388
42475349100000,2,4,2,2.0,2.0,325.91764833718213,2301921.8900916567,11490209.40117959
42475349270000,3,3,3,1.0,0.0,325.8336079134392,2305295.675057198,11486468.439526271
42475349600000,6,6,5,1.0,0.0,332.1789374891431,2307261.4556490127,11481608.872800352
42475351120000,5,3,3,0.6,-2.0,153.78663277536282,2306018.056860746,11480852.130761247
42475356120000,3,2,1,0.6666666666666666,-1.0,148.4230641753335,2297606.7850929964,11493130.607137386
42475356150000,3,3,1,1.0,0.0,167.76855892584842,2301769.661775185,11486900.907363117
42475360730000,2,2,2,1.0,0.0,160.528765047343,2297983.3580343975,11489823.028124953
42475360740000,3,3,3,1.0,0.0,330.3172760165897,2299583.3083404414,11489883.75925627
42475361450000,2,2,2,1.0,0.0,341.2608117475568,2309350.631803037,11485884.124011764
42475363360000,2,2,1,1.0,0.0,354.68498736606114,2301335.7638081163,11493384.342610903
42475363380000,3,4,2,1.3333333333333333,1.0,332.56642533478544,2303780.979641294,11486423.35824123
42475369340000,1,1,1,1.0,0.0,341.89297811527064,2271320.0537614496,11497137.035725266
42475372970100,6,7,8,1.1666666666666667,1.0,161.9411191201963,2307873.920968295,11482696.372578356
42475373130100,2,1,1,0.5,-1.0,162.4697896796674,2242603.5250783516,11461975.071247913
42475373470000,4,4,4,1.0,0.0,162.3751028206304,2233853.4803174026,11469907.087968819
42475373950000,3,3,3,1.0,0.0,162.32843561640703,2239488.5760121094,11460780.596663382
42475375010000,2,1,1,0.5,-1.0,342.49426086008356,2231879.421297442,11467187.98268364
42475375020000,4,3,3,0.75,-1.0,162.85366428193674,2230693.3054937264,11480338.054519005
42475376690300,2,2,1,1.0,0.0,342.21391484494956,2250080.1200404745,11482622.910052331
42475378640000,3,3,2,1.0,0.0,162.697606623006,2252379.201700761,11479361.934034673
42475379960100,2,2,2,1.0,0.0,162.49276577849653,2255365.0140312603,11477438.194505235
42475380950100,3,3,3,1.0,0.0,154.77622699991025,2272045.3696710276,11491560.184357734
42475381220000,9,7,7,0.7777777777777778,-2.0,342.8787401600837,2233888.569075192,11479645.385329481
42475383430000,6,6,6,1.0,0.0,162.15112622687553,2241937.5468131686,11470639.320209228
42475383440000,6,4,4,0.6666666666666666,-2.0,162.21106768458642,2242329.8227219633,11470607.955525741
42475383450000,4,4,4,1.0,0.0,164.3761135634373,2242877.009882589,11470576.127402626
42475383460000,4,4,4,1.0,0.0,162.5597153798878,2243800.7589257564,11470445.250883043
42475384580000,4,6,9,1.5,2.0,342.94269765981824,2238012.7906115223,11471696.04781089
42475384640000,7,5,9,0.7142857142857143,-2.0,342.78631007037785,2239008.867771076,11472158.981765496
42475386280000,5,5,5,1.0,0.0,343.2438870998051,2240906.5809061956,11478849.015668452
42475386280100,5,5,5,1.0,0.0,341.2242224302172,2239874.1654504766,11482278.72171958
42475386290000,6,5,5,0.8333333333333334,-1.0,341.28844456456176,2240271.0019825464,11479313.687488124
42475386300000,6,6,6,1.0,0.0,341.1846238251128,2238853.4985472364,11481570.728511214
42475386310000,8,7,7,0.875,-1.0,341.3970672186022,2237687.984525412,11481291.443052236
42475386380100,8,6,10,0.75,-2.0,341.59511586943114,2237027.6713220347,11479466.211178584
42475386390000,8,7,12,0.875,-1.0,341.1603949626848,2235943.8687714925,11478802.109271381
42475386400000,9,7,12,0.7777777777777778,-2.0,341.26555684592006,2234867.8663285775,11478257.447347239
42475386700000,3,3,3,1.0,0.0,341.1477710945308,2268975.669318677,11493716.407752182
42475387270000,6,7,10,1.1666666666666667,1.0,161.3032028000654,2237741.128462072,11471256.864835817
42475387280000,6,5,9,0.8333333333333334,-1.0,160.94189302872542,2238768.5207285183,11471664.346560646
42475387520000,8,7,7,0.875,-1.0,161.73512990340114,2234544.572207257,11481555.174790103
42475387530000,8,7,7,0.875,-1.0,161.39876834371387,2232685.124048533,11483626.954447825
42475387540100,4,3,7,0.75,-1.0,161.20559411192315,2239143.7603739975,11463349.503965972
42475387550100,3,3,5,1.0,0.0,161.06485023717093,2237781.659328893,11463119.710103141
42475387560000,5,5,7,1.0,0.0,341.1520415252613,2232578.2328342227,11477184.526912186
42475387570000,8,7,11,0.875,-1.0,341.3045708157694,2233774.194108174,11477746.174071383
42475387810000,1,1,1,1.0,0.0,161.3494968403865,2273656.9029995427,11484257.46340626
42475388930000,2,2,2,1.0,0.0,341.3950178332672,2267654.2514037993,11493266.663913924
42495013680100,2,2,2,1.0,0.0,343.23308218836604,2276924.6078099944,11578644.876791373
42495036930100,1,1,1,1.0,0.0,238.65627121919698,2239892.812703295,11603770.645181052
42495100510100,1,1,1,1.0,0.0,141.4199961652946,2239234.19213809,11595808.38042422
42495303180100,1,1,1,1.0,0.0,253.5208204083222,2258972.58947206,11597162.422738243
42495322630000,1,1,1,1.0,0.0,72.59472642119664,2247401.3101120153,11539843.400733616
42495323780000,2,2,1,1.0,0.0,261.7356250494936,2272255.7546369927,11574362.735939607
42495327590100,1,1,1,1.0,0.0,8.802227269576637,2245418.140132636,11601351.653753914
42495328440100,1,1,1,1.0,0.0,59.90296075908332,2230896.675576047,11585936.644235233
42495329180100,4,3,3,0.75,-1.0,245.24633821467154,2274157.8759088023,11572437.440096136
42495330270000,2,2,1,1.0,0.0,352.9880776052816,2320619.2334475406,11625274.009497304
42495330270100,2,2,1,1.0,0.0,166.9198976421791,2320979.536455921,11623009.799944235
42495331630000,4,3,3,0.75,-1.0,339.6458965153409,2293046.027124811,11498101.532791086
42495331630001,4,3,3,0.75,-1.0,339.6458965153409,2293046.027124811,11498101.532791086
42495332880100,6,7,5,1.1666666666666667,1.0,338.4903362141265,2268384.507654159,11582448.474126648
42495333680000,4,4,4,1.0,0.0,343.0829605800519,2283864.753177114,11529149.929390054
42495333940000,1,1,1,1.0,0.0,161.74400592647257,2280159.6851331685,11539902.754857438
42495334050000,6,6,2,1.0,0.0,167.13769743473134,2295517.748532387,11495343.192707896
42495334220000,4,3,2,0.75,-1.0,162.54197901346382,2291215.7691045124,11531392.224382602
42495334227000,3,3,2,1.0,0.0,162.40229057624535,2290891.5389588675,11532430.140711054
42495334230000,1,1,1,1.0,0.0,342.4283719624883,2289591.8757405356,11536402.81070197
42495334360000,12,11,11,0.9166666666666666,-1.0,342.5549422009573,2286735.490986592,11524766.699307445
42495334390000,5,4,4,0.8,-1.0,162.5151475606529,2279332.2417145027,11533281.983001178
42495334400000,6,4,4,0.6666666666666666,-2.0,162.23155939284632,2277370.358863371,11531192.087366328
42495334470000,2,2,2,1.0,0.0,162.34290647274,2301908.634773966,11513297.49394096
42495334477100,2,2,2,1.0,0.0,162.0319029684636,2301992.045426828,11513063.038242752
42495334640000,5,3,3,0.6,-2.0,162.16407405920646,2283269.237269501,11535241.211275347
42495334640200,5,3,3,0.6,-2.0,160.3901402508446,2283427.081204077,11534387.15886864
42495334650000,11,10,10,0.9090909090909091,-1.0,163.00185266670306,2290440.321651196,11525523.602810055
42495334690000,5,5,2,1.0,0.0,195.21134563587188,2296653.936630193,11497436.74038719
42495334720000,5,5,1,1.0,0.0,210.07032468974515,2297960.2532355255,11495515.829669852
42495334770000,3,2,2,0.6666666666666666,-1.0,252.4973084823195,2287341.9934767988,11532627.245157931
42495334870000,3,3,2,1.0,0.0,113.22914190564119,2298380.022053342,11497931.48398545
42495334930000,10,9,9,0.9,-1.0,161.28047967299062,2293785.7662590933,11523989.521303862
42495334940000,4,5,3,1.25,1.0,165.30479182751873,2295563.4528140966,11498265.522976765
42495334960000,1,1,1,1.0,0.0,165.7213036813019,2298343.286606737,11510920.21650455
42495335050000,5,4,4,0.8,-1.0,342.1691419068759,2274711.0489104777,11530810.514263967
42495335057000,5,4,4,0.8,-1.0,341.7240163177376,2275076.580725856,11529646.517494183
42495335060100,1,1,1,1.0,0.0,341.71457791612005,2254145.5656684292,11558353.99240356
42495335070000,1,1,1,1.0,0.0,344.02265803708167,2299924.1438332493,11534910.728378063
42495335130000,5,5,5,1.0,0.0,342.42667526709266,2273198.804939895,11518872.537287809
42495335140000,6,5,5,0.8333333333333334,-1.0,342.23880353968144,2274139.472164583,11519167.607857909
42495335150000,6,5,5,0.8333333333333334,-1.0,341.9902611698147,2275135.693467959,11519454.807859097
42495335160000,3,3,3,1.0,0.0,163.13156183232272,2288478.8094368903,11519839.475016918
42495335170000,5,6,6,1.2,1.0,162.77575673782374,2287751.6058154674,11518317.855372626
42495335250300,7,5,5,0.7142857142857143,-2.0,163.0463397639094,2282221.0837915996,11533756.50486971
42495335270000,3,2,2,0.6666666666666666,-1.0,346.7647919851695,2306680.3637116915,11586688.076794324
42495335280000,4,4,3,1.0,0.0,341.82572785626616,2286210.088161341,11530046.864618093
42495335370000,5,5,5,1.0,0.0,163.07965980712734,2274726.936409835,11530970.007242566
42495335380000,5,5,5,1.0,0.0,162.53369484297946,2276225.141389016,11530957.13415876
42495335460100,2,2,2,1.0,0.0,166.42158716329212,2321738.356713921,11641106.089870568
42495335470000,1,1,1,1.0,0.0,166.46957034945012,2320970.792361327,11635313.748242563
42495335520000,12,10,9,0.8333333333333334,-2.0,162.11886201984152,2287870.4928344786,11524548.22414454
42495335540000,1,1,1,1.0,0.0,342.1225131461405,2257043.7211397905,11520753.735950347
42495335560000,3,3,3,1.0,0.0,342.0015332462898,2282087.4029102717,11512266.235848509
42495335560100,3,3,3,1.0,0.0,343.47651192598676,2282358.4161014594,11511586.240732983
42495335570000,3,3,3,1.0,0.0,341.9413670907139,2281236.8682894222,11511745.023666527
42495335590100,3,1,1,0.3333333333333333,-2.0,163.04561004800607,2254891.610949064,11574858.855447454
42495335650100,1,1,1,1.0,0.0,343.55128229618015,2314748.1030426975,11605914.655106504
42495335660100,1,1,1,1.0,0.0,164.9442880701194,2308886.271583287,11575981.610802095
42495335710000,3,2,2,0.6666666666666666,-1.0,344.7855114519162,2309264.476871347,11587492.96014107
42495335860000,3,2,2,0.6666666666666666,-1.0,162.85586100083893,2257463.8842448005,11575793.271376366
42495336090000,5,4,4,0.8,-1.0,342.48020218959596,2285181.4923387864,11529861.966056662
42495336110000,4,3,3,0.75,-1.0,162.97619218891066,2282603.871716623,11528320.105894785
42495336120000,6,4,4,0.6666666666666666,-2.0,161.9778992778896,2280477.977574726,11534184.81933597
42495336120100,6,4,4,0.6666666666666666,-2.0,162.18679270460245,2280743.1624005977,11533343.284312468
42495336130100,2,3,2,1.5,1.0,162.20768785729044,2280893.4372750176,11528969.422260594
42495336210000,4,4,4,1.0,0.0,344.23925055021965,2271824.399343829,11519460.295189502
42495337150000,1,1,1,1.0,0.0,163.6359681117287,2312979.2519603292,11504819.713907717
42495337250000,3,1,1,0.3333333333333333,-2.0,162.48367351530936,2252286.108257276,11574252.545880571
42495337300000,3,3,3,1.0,0.0,162.91477749217265,2259917.9928694726,11576745.246643163
42495337350000,3,2,2,0.6666666666666666,-1.0,162.33141468017388,2261445.419205855,11588459.201240316
42495337520000,4,2,2,0.5,-2.0,342.68211598671905,2255741.8882311448,11581028.013233114
42495337530000,2,3,2,1.5,1.0,342.97047312211595,2268262.4638568666,11579003.947642088
42495337530100,3,3,3,1.0,0.0,342.7593096160892,2268031.43711164,11579730.687586643
42495337650000,5,5,5,1.0,0.0,162.95325273652642,2268959.5491161533,11601865.87171632
42495337760100,2,2,2,1.0,0.0,163.02520485758404,2264894.338187609,11561755.929271227
42495337780200,4,4,4,1.0,0.0,163.2018019898423,2262351.4736374496,11577631.279460616
42495337810000,3,3,3,1.0,0.0,344.5294343234472,2307357.318451628,11586578.752429646
42495337930000,5,5,5,1.0,0.0,342.41899701948194,2268242.948457679,11585374.911268076
42495338010000,2,2,2,1.0,0.0,162.36178624230098,2278226.167129497,11571922.816270117
42495338040100,5,3,3,0.6,-2.0,340.09940603607726,2267538.772412804,11606586.999758305
42495338040200,4,3,3,0.75,-1.0,339.8037964098044,2267222.6909686085,11607426.995577585
42495338410000,4,2,2,0.5,-2.0,162.5901309553227,2263973.1134472284,11589291.460125264
42495338420000,3,2,2,0.6666666666666666,-1.0,342.24032155957696,2253199.4903884074,11580172.816947691
42495338510000,5,5,5,1.0,0.0,162.79510969234383,2263752.495634268,11559317.464219186
42495338590000,3,3,3,1.0,0.0,165.07744584448054,2295212.7642941186,11571907.122292899
42495339290000,4,4,4,1.0,0.0,342.60472535647654,2265888.6928651473,11606893.280013692
42495339960000,3,3,3,1.0,0.0,337.4587973988482,2294350.8421947705,11576963.377314916
42495340220000,2,2,2,1.0,0.0,336.1168687872088,2250633.976245449,11579311.474747576
42495340480000,3,2,2,0.6666666666666666,-1.0,343.1800948449666,2259152.4884724617,11571045.780628154
42495340560100,1,1,1,1.0,0.0,342.622521686402,2277308.4056440825,11610625.450382542
42495340610000,1,1,1,1.0,0.0,348.7266142414178,2300572.9685456073,11612561.222038362
42495340800000,4,3,3,0.75,-1.0,342.891986286306,2260823.1244109566,11608895.838578768
42495340810000,2,2,2,1.0,0.0,164.96068654712963,2292861.4623163682,11571142.346871607
42495340950100,2,2,2,1.0,0.0,162.5993412090192,2272989.0846386016,11585337.277357727
42495341370100,3,2,2,0.6666666666666666,-1.0,342.61824998997184,2256651.029463144,11570051.747209575
42495341540000,2,1,1,0.5,-1.0,162.5888176224943,2249763.717477021,11573431.037220772
42495341670000,2,2,2,1.0,0.0,164.99348946225777,2296966.1765014213,11572384.442724453
42495342080100,1,1,1,1.0,0.0,342.95671046357273,2243060.661618188,11559625.348208752
42495342170100,2,2,2,1.0,0.0,175.12057704963567,2244784.941806206,11496643.858037433
42495342610000,4,3,3,0.75,-1.0,342.61827454278193,2257490.1616993314,11584411.152817428
42495342620000,2,2,2,1.0,0.0,342.4602981993098,2260806.8606809634,11566238.790992502
42495342820000,3,3,2,1.0,0.0,345.15147146471634,2254056.151377677,11569261.22017639
42495342880000,5,3,3,0.6,-2.0,162.47036975120415,2276846.892184261,11519420.006835967
42495343090000,2,2,2,1.0,0.0,162.80318246717633,2280680.9849727005,11567109.395144414
42495343120000,4,4,4,1.0,0.0,342.23881392342975,2273892.856618005,11605512.492189728
42495343120100,4,4,4,1.0,0.0,342.1143432326082,2273658.909783868,11606216.067286557
42495343120200,4,4,4,1.0,0.0,341.5582799000378,2273537.3971582334,11606465.110356435
42495343160000,3,3,3,1.0,0.0,345.07648792728844,2295965.3248973098,11576884.112240063
42495343160100,3,3,3,1.0,0.0,345.87218707799053,2295842.501361031,11577475.52569151
42495343460000,2,2,2,1.0,0.0,162.3441293332643,2261273.339436041,11558507.300558802
42495343490000,3,2,3,0.6666666666666666,-1.0,162.109063566982,2267107.2668130016,11554198.209120825
42495343497000,3,3,3,1.0,0.0,163.3288731689173,2266907.6754792337,11554503.642529402
42495343720000,3,3,3,1.0,0.0,342.34288848514683,2257443.2099282844,11581630.595657349
42495343910000,4,4,4,1.0,0.0,342.78819902822323,2259943.909122944,11585262.564143084
42495344440000,2,2,2,1.0,0.0,175.52587190462862,2243552.412258455,11495251.114399519
42495345580000,3,3,3,1.0,0.0,342.4941502080975,2262482.8517086273,11583332.728593655
42495345590000,6,5,4,0.8333333333333334,-1.0,342.7781468813664,2268000.9194036485,11590630.616621237
42495345740000,3,3,3,1.0,0.0,300.27129440220045,2275628.023389009,11570786.827337734
42495345800000,4,3,3,0.75,-1.0,343.57601677095295,2270092.893205081,11594338.783691231
42495346020000,13,11,11,0.8461538461538461,-2.0,163.86655809206687,2288713.314398502,11524820.321238384
42495346120000,4,3,3,0.75,-1.0,342.21322503401177,2279865.8889016397,11522151.857315447
42495346130000,7,6,6,0.8571428571428571,-1.0,342.4636679095647,2283650.6566976374,11523463.75684458
42495346360100,2,2,2,1.0,0.0,342.7760576367418,2264232.089242762,11595098.659819096
42495346380000,11,10,10,0.9090909090909091,-1.0,342.6476525349872,2287359.656824317,11524815.881390322
42495346390000,5,4,4,0.8,-1.0,342.2534796308641,2277490.011754783,11521407.054520205
42495346430000,3,3,3,1.0,0.0,346.94036919769906,2266038.971985394,11595151.167382494
42495346440100,2,2,2,1.0,0.0,343.7304783381228,2265948.9345197026,11572964.070531556
42495346450000,12,11,10,0.9166666666666666,-1.0,342.5136846096185,2290271.761559304,11525745.89974817
42495346490000,6,6,4,1.0,0.0,161.65131553405627,2265330.968173469,11591107.085552907
42495346500000,6,5,5,0.8333333333333334,-1.0,162.65649792533463,2274179.118805339,11518069.806348294
42495346510000,2,2,2,1.0,0.0,342.4577796208964,2287054.4492176147,11513547.825159546
42495346590000,4,4,4,1.0,0.0,342.3356707539714,2265470.343564506,11602810.311659068
42495346770100,4,4,2,1.0,0.0,161.90821170367707,2278529.7724327687,11568449.039519124
42495346820000,5,5,5,1.0,0.0,163.3306393238373,2267537.9500065907,11601669.48650641
42495346827000,6,8,5,1.3333333333333333,2.0,163.2061942627463,2267103.2584772054,11603128.917412054
42495346930000,5,4,4,0.8,-1.0,343.4216682706828,2268482.482657239,11593797.61004187
42495347520000,11,9,9,0.8181818181818182,-2.0,342.5829381246704,2290867.0901840646,11526006.625596609
42495347780000,5,4,3,0.8,-1.0,161.95886047880862,2266544.344613204,11590225.402783742
42495347810000,3,3,3,1.0,0.0,342.4805778842625,2271948.373285379,11594934.037952932
42495347910000,3,3,3,1.0,0.0,342.63629586539486,2264195.9144742265,11578138.609409805
42495347910100,3,3,3,1.0,0.0,342.37959313367094,2264142.6848711283,11578271.410498617
42495348010000,2,2,2,1.0,0.0,347.37892249768805,2273340.4804862323,11595037.840960026
42495348040000,3,3,3,1.0,0.0,343.18087646711666,2264504.8807868785,11571940.62034098
42495348060000,2,2,2,1.0,0.0,162.47547758879873,2274600.216986095,11586110.941709327
42495348220000,7,4,4,0.5714285714285714,-3.0,342.7360600171523,2282422.8294406505,11523052.601288354
42495348240000,13,11,11,0.8461538461538461,-2.0,341.8841632731782,2286516.0827389024,11524479.477415476
42495348310000,4,3,2,0.75,-1.0,162.66677918788858,2269532.6664048806,11586104.15710623
42495348370000,11,9,9,0.8181818181818182,-2.0,342.3505737913532,2291521.2451643273,11526175.730155203
42495348510000,4,4,4,1.0,0.0,341.7491126405156,2264069.184701473,11583800.857039772
42495348610100,4,4,3,1.0,0.0,161.96242683184494,2258694.011212837,11611401.213394374
42495348610200,4,4,4,1.0,0.0,162.18209372159438,2259241.8839296503,11609688.975423977
42495348610300,4,3,4,0.75,-1.0,151.5213034996038,2260192.261704134,11608871.222542616
42495348780000,4,3,3,0.75,-1.0,342.50224075869966,2279942.4818249354,11522096.966222133
42495348790000,13,11,11,0.8461538461538461,-2.0,163.37150467355917,2285775.396972077,11524321.3330375
42495348800000,12,11,11,0.9166666666666666,-1.0,342.4556203847106,2292772.8340344005,11526576.8248768
42495348860000,6,5,5,0.8333333333333334,-1.0,340.9648080775802,2272729.1399894576,11603271.772666004
42495349120000,12,11,11,0.9166666666666666,-1.0,341.34095313974336,2293931.159215746,11527026.987674946
42495349280000,12,10,10,0.8333333333333334,-2.0,340.10205150085517,2289498.0451160716,11525516.799865112
42495349390000,11,9,9,0.8181818181818182,-2.0,341.3663796088011,2292060.559490499,11526410.183174301
42495349450000,3,3,3,1.0,0.0,337.91770191945403,2262968.200003394,11571340.1327788
42495349470000,5,5,5,1.0,0.0,158.76778162698093,2269187.0817358177,11602249.022512998
42495349660100,8,7,7,0.875,-1.0,341.0755515575866,2297524.157569696,11526876.765996568
42495349670000,9,8,8,0.8888888888888888,-1.0,341.10385314009466,2297119.572977777,11526755.206664613
42495349680000,9,9,9,1.0,0.0,341.03710070706995,2296745.476797493,11526607.085382074
42495349690000,9,9,9,1.0,0.0,340.8729149894983,2296346.1846895907,11526479.950633978
42495349700000,10,9,9,0.9,-1.0,340.9735583967705,2295942.292008527,11526295.088526053
42495349710000,11,11,11,1.0,0.0,341.1692880834204,2295541.4617795553,11526209.311204135
42495349720000,12,11,11,0.9166666666666666,-1.0,341.16207479614206,2295142.9366257545,11526052.21529744
42495349730000,12,11,11,0.9166666666666666,-1.0,341.0034180638207,2294738.8367630914,11525933.959091049
42495349930000,2,2,2,1.0,0.0,338.670501520747,2251836.1491110967,11568542.359888092
42495349940000,6,6,5,1.0,0.0,344.1638295381931,2266246.1618033256,11583403.66028761
42495349940100,5,5,5,1.0,0.0,344.49487169343763,2265965.431428119,11584584.917444866
42495350120000,12,11,11,0.9166666666666666,-1.0,340.09000448861684,2287898.320667794,11524942.408687057
42495350130000,12,11,11,0.9166666666666666,-1.0,341.3995571666425,2287931.9852153696,11524904.062458577
42495350180000,3,3,4,1.0,0.0,340.803288991687,2261069.383261347,11570825.044664385
42495350660000,1,1,1,1.0,0.0,341.4342423252367,2302544.9724189015,11528212.25998246
42495350740000,14,10,10,0.7142857142857143,-4.0,341.10127903858586,2285465.57828144,11522824.600057496
42495350750000,9,9,9,1.0,0.0,341.43291823228515,2284782.416028106,11522403.372535443
42495350750100,9,9,9,1.0,0.0,341.64475141035507,2284771.7900304645,11522624.387100624
42495350820000,1,1,1,1.0,0.0,161.13034452277327,2276713.035031588,11596994.648504294
42495350840000,1,1,1,1.0,0.0,161.15013978452157,2291646.2201903053,11505362.747319464
42495350890000,4,4,4,1.0,0.0,334.43407117400534,2271226.8300410705,11603037.500619508
42495350960000,2,2,2,1.0,0.0,161.27838049899273,2275232.8779983334,11577887.491269717
42495351160000,1,1,1,1.0,0.0,341.7135417125853,2268038.9162844606,11566173.98522428
42501343570000,1,1,1,1.0,0.0,40.89961343186445,2286872.71208687,11979812.691928117
42501347960100,1,1,1,1.0,0.0,93.39208440445562,2295305.86395654,11981545.108642232
42501348840100,2,1,1,0.5,-1.0,272.5932229357569,2341570.950838548,12047973.855965924
42501359020100,6,6,6,1.0,0.0,305.5344647884458,2292632.5816177987,12087060.489417288
42501359030000,2,2,2,1.0,0.0,359.19866337931387,2292235.1006341316,12044024.06999572
42501359990000,7,6,6,0.8571428571428571,-1.0,182.20379222850252,2265094.5666478844,12028084.708403382
42501360810000,1,1,1,1.0,0.0,271.29686542510217,2262366.83503408,12068323.53057767
42501361270000,7,7,7,1.0,0.0,358.75756504815956,2259910.1899915393,12038485.808240328
42501361930100,2,2,2,1.0,0.0,2.609262486594121,2327306.5061365264,12103285.92426766
42501361930200,2,2,2,1.0,0.0,1.9250252928612805,2327319.7698737807,12104049.560808389
42501362410000,1,1,1,1.0,0.0,1.765894370224397,2296988.792318763,12012862.310925573
42501362670000,3,3,3,1.0,0.0,1.4598906402583491,2270297.6441172194,12045851.980267491
42501363990000,6,6,6,1.0,0.0,181.93273402968953,2263779.7361350795,12027926.739412101
42501364000000,6,6,6,1.0,0.0,1.5323457617842837,2262587.155423578,12033072.474138087
42501364010000,6,6,6,1.0,0.0,0.9482568510380732,2266702.248014233,12027926.765625328
42501364050000,2,2,2,1.0,0.0,359.2506113279314,2290838.3865825124,12044382.483589826
42501364240000,3,3,3,1.0,0.0,89.79415795839117,2294437.335532547,12054079.897661466
42501364270000,3,3,3,1.0,0.0,1.3395305666060955,2269015.9020109284,12045814.589204345
42501364300000,4,4,2,1.0,0.0,181.86211253494315,2329388.010671163,12001423.71484593
42501364320000,1,1,1,1.0,0.0,319.1714139568921,2285013.0349099245,11998524.551434718
42501364380000,5,5,5,1.0,0.0,181.02555632805857,2264819.304152753,12022401.223653395
42501364750000,6,6,6,1.0,0.0,1.8669762499831521,2255893.520794276,12038356.39483504
42501364760000,6,6,6,1.0,0.0,359.11217408510674,2257494.1358639393,12038491.411002062
42501364800000,6,6,6,1.0,0.0,181.18596035695595,2243820.87790743,12034261.940008938
42501364840000,5,5,5,1.0,0.0,178.94316533879376,2242562.67402622,12027438.783254893
42501364850000,2,2,2,1.0,0.0,4.2364020447745805,2236011.706658349,12032699.736477388
42501364860000,5,5,5,1.0,0.0,359.004795499977,2246895.2456979183,12033600.050530704
42501365010000,6,6,7,1.0,0.0,181.3790615045738,2248806.94793473,12042016.126890339
42501365180000,6,6,6,1.0,0.0,180.4628426984593,2260715.411362798,12048940.586125229
42501365220000,6,6,6,1.0,0.0,0.1130223487268948,2241523.720105636,12042140.171341725
42501365230000,7,7,7,1.0,0.0,359.1787518793748,2253085.834764514,12039654.979496691
42501365260000,4,5,5,1.25,1.0,2.096967738532937,2267713.5945809474,12047145.626635786
42501365380000,8,7,7,0.875,-1.0,181.85159969810798,2262435.8742779344,12027886.70275181
42501365390000,2,2,2,1.0,0.0,1.7892771978573208,2276737.329152233,12054404.3473051
42501365400000,4,4,4,1.0,0.0,1.3371954113214974,2246398.3202542835,12048742.64977353
42501365410000,6,6,6,1.0,0.0,181.81036525099879,2251939.0643165773,12027503.43910151
42501365520000,4,4,2,1.0,0.0,182.33191599867152,2328507.6046460746,12001400.741277723
42501365540000,7,7,7,1.0,0.0,3.8166257695444505,2258405.0080991406,12038579.402558502
42501365550000,5,5,6,1.0,0.0,179.48961763309927,2247678.041775009,12026137.090040823
42501365650000,5,5,5,1.0,0.0,181.911103867947,2238673.975098733,12043289.86803178
42501365670000,6,6,6,1.0,0.0,0.7581572647688052,2244311.2915706667,12042096.644894764
42501365690000,4,4,5,1.0,0.0,181.76450776834423,2247640.45810763,12041887.893998861
42501365700000,6,6,6,1.0,0.0,178.88872941075383,2246455.535736884,12041928.28170383
42501365710000,6,6,6,1.0,0.0,181.170767959349,2244711.9626544546,12041944.996884033
42501365720000,6,6,6,1.0,0.0,1.0661969602773713,2242628.8044055505,12042177.821625136
42501365730000,7,7,7,1.0,0.0,1.02008772914275,2239779.167163102,12042117.757057436
42501365770000,6,6,6,1.0,0.0,185.1835314207096,2262332.778770616,12048761.507722175
42501365780000,5,5,5,1.0,0.0,180.7690025852816,2264958.3621050376,12048928.059018124
42501365790000,5,5,5,1.0,0.0,181.1432467643009,2263279.5576766524,12048788.775436644
42501365800000,9,9,9,1.0,0.0,1.3341049402183756,2254591.577060621,12039941.432168808
42501365810000,7,7,7,1.0,0.0,2.4148206079705026,2251989.6965821977,12039647.69183508
42501365820000,8,8,8,1.0,0.0,358.51281975987854,2250473.706910518,12039784.059089966
42501365830000,8,7,7,0.875,-1.0,182.3299338122039,2255348.188500735,12001197.05591061
42501365940000,3,3,3,1.0,0.0,1.4348394933197337,2294557.821328789,12087018.263259687
42501365970000,6,6,6,1.0,0.0,1.5642497054951492,2261017.726899064,12033463.760454986
42501365980000,6,6,6,1.0,0.0,182.22019988221098,2260819.6701916917,12027919.34778025
42501365990000,5,5,5,1.0,0.0,182.18009106502015,2260876.181007552,12022337.97877684
42501366000000,4,5,4,1.25,1.0,178.2320617576126,2254102.034522405,12027528.435608275
42501366020100,6,6,6,1.0,0.0,359.9651560198887,2266263.3708826667,12046911.061829416
42501366030000,7,7,7,1.0,0.0,181.18174775291547,2249524.285042436,12026042.515433282
42501366040000,2,2,2,1.0,0.0,1.1674401823965967,2277553.7108110986,12054557.440207217
42501366060000,6,6,6,1.0,0.0,182.087688219675,2250748.5331653003,12001493.067991657
42501366070000,7,7,7,1.0,0.0,182.57993327473815,2269454.064584173,12021227.340041794
42501366090000,8,8,8,1.0,0.0,182.0659389362788,2244327.1139200293,12020698.133550532
42501366100000,6,6,6,1.0,0.0,182.04240879749642,2239738.566268081,12020599.397048652
42501366130000,3,3,2,1.0,0.0,91.79966895327128,2294460.3080554204,12052999.634614056
42501366200000,4,3,3,0.75,-1.0,182.4124277697029,2243611.586169201,12048418.330482656
42501366210000,6,5,5,0.8333333333333334,-1.0,181.52186753322175,2240939.6629244173,12048370.005716648
42501366270000,5,5,5,1.0,0.0,358.94038265727914,2278526.9517569263,12023420.196817476
42501366360100,1,1,1,1.0,0.0,181.6423146301222,2264594.2478550733,12116883.383436007
42501366370000,7,7,7,1.0,0.0,0.25361369045882093,2253357.644403777,12032598.66776305
42501366370100,7,7,7,1.0,0.0,358.9222920175655,2253304.587359722,12033145.201787163
42501366420000,10,9,9,0.9,-1.0,181.67603286746194,2266170.8635626165,12021086.671041366
42501366430100,1,1,1,1.0,0.0,1.9075087744697115,2258542.9005603357,12109381.985733775
42501366470000,6,6,6,1.0,0.0,181.09844984738297,2250110.9916344816,12027360.780532453
42501366480000,6,6,6,1.0,0.0,181.10775650281676,2259710.210729502,12021165.448390676
42501366510000,9,9,9,1.0,0.0,2.1908824692248143,2259365.861517477,12012092.343662411
42501366520000,13,13,13,1.0,0.0,181.79578724447975,2255936.031970815,12005030.807810714
42501366530000,6,5,5,0.8333333333333334,-1.0,182.83525450835717,2258705.492805115,12021201.272067169
42501366540100,8,8,8,1.0,0.0,1.9459852851857753,2257740.204883442,12012091.574130729
42501366580000,11,11,11,1.0,0.0,2.0193016465669666,2281635.685913808,12024586.154105034
42501366670100,1,1,1,1.0,0.0,0.8111671962121979,2325895.952476115,12040141.35251056
42501366680100,1,1,1,1.0,0.0,0.8470124726213215,2328047.910035294,12061331.644132432
42501366700100,2,2,2,1.0,0.0,1.5642231608417454,2285913.9766765865,12124644.893621411
42501366710100,1,1,1,1.0,0.0,1.7076714473957875,2305803.73524097,12123283.317973405
42501366750000,1,1,1,1.0,0.0,1.7043157947725327,2313991.9572331375,12024076.532179771
42501366760000,2,2,2,1.0,0.0,182.00609709255826,2267107.3429433946,12053976.448599271
42501366770000,1,1,1,1.0,0.0,1.9887536974203364,2310938.3583101686,12066276.737593824
42501366800000,2,2,2,1.0,0.0,268.2779777291146,2330772.7393221967,12015794.7049344
42501366810000,6,5,5,0.8333333333333334,-1.0,183.95406637766493,2242881.4748595865,12020807.291141901
42501366820000,5,5,5,1.0,0.0,184.09063217371101,2241394.5239778776,12020692.166082697
42501366830000,4,3,1,0.75,-1.0,1.759413935608347,2255226.4700498655,12022438.68404386
42501366840000,4,4,4,1.0,0.0,0.6107889795544927,2250668.0891246027,12022463.996530462
42501366930000,6,6,6,1.0,0.0,181.12919644515725,2260073.123617121,12027419.743951727
42501366970000,5,5,6,1.0,0.0,182.2624812496472,2281323.757593005,12016250.399457447
42501366990000,9,9,9,1.0,0.0,0.42088041959541805,2256157.3049032493,12011828.22194494
42501367000100,5,6,6,1.2,1.0,358.1536270561287,2243878.381121326,12054256.724664649
42501367020000,4,3,4,0.75,-1.0,359.54310480019774,2237821.5746340193,12026132.783825554
42501367040000,11,11,11,1.0,0.0,1.9880559295560543,2263235.7787547763,12017637.387420135
42501367100000,7,6,6,0.8571428571428571,-1.0,1.1449279295264785,2260007.662466339,12043722.034729518
42501367110000,6,6,6,1.0,0.0,182.15143986889115,2264959.170969447,12043850.58499749
42501367120000,7,7,7,1.0,0.0,181.87707717174155,2260702.708747685,12038505.86084666
42501367130000,7,7,7,1.0,0.0,178.06711484839167,2254868.1791233597,12016932.685810793
42501367160100,1,1,1,1.0,0.0,1.9717255086406518,2298448.0610093297,12023590.886405956
42501367170000,2,2,1,1.0,0.0,270.4346640225026,2343358.1563103916,12050607.418973971
42501367180000,1,1,1,1.0,0.0,2.9764871617611033,2291104.894224637,12076077.93929667
42501367190000,1,1,1,1.0,0.0,1.3432059314983236,2295450.0936196176,12124502.129113562
42501367230000,1,1,1,1.0,0.0,180.58721029075062,2304342.7746375147,12039004.246107657
42501367260100,1,1,1,1.0,0.0,1.7488877821632396,2249164.59827834,12114289.715989979
42501367460000,5,5,5,1.0,0.0,3.0544515166716804,2294355.922119573,12018177.037227679
42501367490000,2,2,2,1.0,0.0,1.434071311039758,2252162.4214921575,12022479.857924065
42501367500000,6,6,6,1.0,0.0,0.8959828983109364,2249358.9894689084,12048757.229235519
42501367510000,1,1,1,1.0,0.0,1.827452242597785,2301364.779891107,12100311.764699984
42501367520000,7,7,7,1.0,0.0,3.4808990430455644,2254821.422452398,12032876.274211917
42501367530000,1,1,1,1.0,0.0,181.68450290206857,2322196.531577605,12018090.77757309
42501367540000,1,1,1,1.0,0.0,2.5915520417766555,2267270.7328928905,12059837.85501902
42501367550000,5,5,5,1.0,0.0,1.3103123568251926,2242517.84786471,12048629.70604252
42501367570000,1,1,1,1.0,0.0,181.84874341205176,2270113.0075537986,12054042.863382628
42501367580000,2,2,2,1.0,0.0,1.8826485720113355,2270322.2050751983,12060077.83151054
42501367590000,7,6,6,0.8571428571428571,-1.0,1.397482688023443,2251476.3545197425,12032891.024909463
42501367600000,6,6,6,1.0,0.0,1.3062087235598272,2250454.1185524953,12033107.349288676
42501367610000,6,6,6,1.0,0.0,1.166727484054742,2239590.5147805717,12048603.368158631
42501367620000,6,6,6,1.0,0.0,2.0119130827678533,2247729.9641303113,12048772.33261437
42501367630000,4,4,4,1.0,0.0,182.19632167232763,2263500.7217404707,12022152.818823915
42501367640100,1,1,1,1.0,0.0,182.4438111303099,2334908.1721920967,12055364.94406703
42501367650000,9,7,7,0.7777777777777778,-2.0,1.907100355375566,2239065.8831698275,12038108.84915828
42501367660000,6,6,6,1.0,0.0,1.6925324080701134,2260310.173203126,12033460.278461814
42501367670000,7,7,7,1.0,0.0,1.1526322801572992,2255880.5816267123,12033385.669259699
42501367680000,5,5,5,1.0,0.0,181.84764354005878,2255482.103477435,12026936.528863825
42501367690000,6,6,6,1.0,0.0,181.63674369100178,2278450.598501212,12028262.082648614
42501367710000,6,6,6,1.0,0.0,182.26908977468847,2262417.4828367927,12038537.238915866
42501367730000,7,7,7,1.0,0.0,2.054718604003116,2258250.755172736,12043754.243427312
42501367760000,2,2,2,1.0,0.0,1.711893098675504,2290907.482797037,12081506.837496612
42501367770000,6,6,6,1.0,0.0,181.9244007037897,2271393.8198741474,12024139.178232275
42501367780000,6,6,6,1.0,0.0,1.7175777936134176,2252855.6483892724,12047723.667775258
42501367790000,4,3,3,0.75,-1.0,1.9564950057770032,2282082.9008329785,12034012.42625732
42501367810000,10,9,9,0.9,-1.0,1.664928151363997,2261251.6744826753,12017574.669607203
42501367850000,9,8,8,0.8888888888888888,-1.0,2.3930271052263397,2248688.6875184085,12011840.09244546
42501367880000,5,5,5,1.0,0.0,0.7635895190844919,2245086.8242233116,12048729.732176596
42501367890000,5,5,5,1.0,0.0,2.9436541168472354,2256939.802106829,12048824.12963189
42501367920000,7,7,7,1.0,0.0,181.55035470368722,2281891.247158701,12028039.472413749
42501367940000,7,7,7,1.0,0.0,181.82112817700633,2283428.757575876,12028418.884833928
42501367950000,6,6,6,1.0,0.0,2.0330813356938036,2237516.2337635625,12038376.394768968
42501367990000,8,9,9,1.125,1.0,181.57617854574275,2259156.121439318,12004979.692807171
42501368000000,7,7,7,1.0,0.0,181.8794611667953,2271022.509697072,12005225.616817975
42501368010000,4,4,5,1.0,0.0,179.20249950900214,2278570.122406465,12016219.469295375
42501368020000,5,5,5,1.0,0.0,179.1545001278295,2252993.2313040816,12027588.476078378
42501368030000,6,5,7,0.8333333333333334,-1.0,181.09741327913002,2244981.8615656774,12026183.463335272
42501368050000,4,4,4,1.0,0.0,1.0204781746325489,2238780.7483182056,12032840.116621494
42501368060000,4,4,4,1.0,0.0,1.7446599890058156,2239943.3638859065,12027762.139058918
42501368070000,2,2,2,1.0,0.0,2.000421988961492,2318586.0913397586,12024158.30883238
42501368090000,1,1,1,1.0,0.0,1.787989026705383,2304559.990106344,12044637.564898768
42501368110000,2,1,2,0.5,-1.0,2.0169972710712574,2272562.024502457,12064297.76269826
42501368120000,6,6,6,1.0,0.0,2.718819654477096,2239516.009608795,12011856.299801461
42501368140000,5,4,4,0.8,-1.0,358.8233723089857,2251598.6458939547,12065029.673928782
42501368170000,10,10,10,1.0,0.0,1.992607361648615,2265825.715675194,12017693.646612162
42501368180000,4,4,4,1.0,0.0,1.570622556034752,2241879.6025754465,12027877.799299736
42501368190000,5,5,5,1.0,0.0,1.825797542660598,2244504.8957896614,12027885.5561998
42501368210000,1,1,1,1.0,0.0,1.6304282684444937,2334156.165833792,12077224.108683255
42501368230000,8,8,8,1.0,0.0,4.165285619106193,2260609.8824239653,12012080.3121393
42501368250000,7,7,9,1.0,0.0,1.4667146405751952,2250336.5491774837,12047756.394821428
42501368260000,9,9,9,1.0,0.0,1.8482505356869494,2255543.1920903274,12006609.325482247
42501368270000,6,6,6,1.0,0.0,1.799204713903514,2251893.939640794,12047781.280045088
42501368280000,9,8,8,0.8888888888888888,-1.0,1.3949127767062337,2254750.441234176,12047803.654731896
42501368300000,4,4,4,1.0,0.0,1.4125243951452686,2237216.299652197,12032740.25354321
42501368310000,4,4,4,1.0,0.0,182.998053195632,2256850.887153764,12027145.84873708
42501368320000,1,1,1,1.0,0.0,1.1164793877456556,2264070.397464229,12107978.557968967
42501368330000,10,10,10,1.0,0.0,3.7615214735206655,2263088.570558304,12016921.0247025
42501368330100,10,11,10,1.1,1.0,3.0280307221420113,2263063.653552247,12016839.858519733
42501368330200,12,13,10,1.0833333333333333,1.0,2.630560205916098,2263048.1662526494,12016733.463886216
42501368340000,5,5,5,1.0,0.0,2.6588686631559284,2257185.2772212382,12033129.322370175
42501368370000,10,9,9,0.9,-1.0,178.9526200203867,2258034.6791608334,12005021.713257186
42501368380200,1,1,1,1.0,0.0,1.0439309499075857,2339457.5328286137,12077286.482855648
42501368410000,5,5,5,1.0,0.0,1.2658101375964004,2259966.423640999,12049214.618448235
42501368450000,6,6,6,1.0,0.0,181.84463415930577,2250058.657244779,12000958.582201276
42501368480000,9,9,9,1.0,0.0,2.2157141069216792,2250008.1636931524,12017271.024041109
42501368500100,7,7,7,1.0,0.0,181.7225406023068,2238748.144789607,12017922.998363756
42501368510000,6,6,6,1.0,0.0,181.82762963956054,2263523.149385047,12043839.538491819
42501368520000,1,1,1,1.0,0.0,181.63340823070482,2284674.722857116,12118951.09848646
42501368530000,1,1,1,1.0,0.0,1.3436682098425516,2244344.4325828515,12075344.642842682
42501368540000,4,4,4,1.0,0.0,181.78411648733388,2272885.3399161384,12024265.371993702
42501368550000,10,10,10,1.0,0.0,181.75784753901078,2251708.3656472806,12017202.837162394
42501368560000,8,8,8,1.0,0.0,182.17301304788424,2252025.9317212217,12001373.148246096
42501368570100,5,5,5,1.0,0.0,353.5422650557123,2242747.4677052023,12054235.038902331
42501368730000,6,6,6,1.0,0.0,181.96498311853009,2256004.6677524424,12017091.257773232
42501368750000,2,2,2,1.0,0.0,1.7174074317725663,2289204.3429664457,12081482.251722641
42501369040000,9,9,9,1.0,0.0,1.7566841789941747,2257651.894657464,12011861.854285868
42501369050000,6,6,6,1.0,0.0,1.8280425776572236,2254554.5704010073,12061133.65298038
42501369070100,1,1,1,1.0,0.0,2.695822775662994,2354426.083033135,12077677.499563608
42501369080000,4,4,4,1.0,0.0,183.63452328933334,2258183.276162069,12053916.173272409
42501369090000,7,6,6,0.8571428571428571,-1.0,1.7595555571100043,2241594.5069902167,12034134.23516393
42501369100000,7,6,6,0.8571428571428571,-1.0,1.4468552934286045,2242536.421604538,12034086.997203074
42501369170000,9,9,9,1.0,0.0,1.7449503279753746,2253019.093510631,12006626.368914183
42501369180000,3,3,3,1.0,0.0,182.6177829402776,2247437.239505568,12000911.591402225
42501369220000,2,2,2,1.0,0.0,1.867240398831877,2276425.9660636606,12018055.502468001
42501369230000,3,3,3,1.0,0.0,1.6740018977115185,2234822.195727693,12024813.523516458
42501369320000,10,10,10,1.0,0.0,181.7357903703204,2260465.1893531093,12005071.292160254
42501369370000,6,5,5,0.8333333333333334,-1.0,1.5621579642110104,2257329.9894491415,12043682.106468875
42501369400000,8,8,8,1.0,0.0,1.8991373670201765,2248277.851833797,12006549.907725397
42501369410000,1,1,1,1.0,0.0,1.365749246786928,2271710.281051811,12122553.118069377
42501369420000,9,9,9,1.0,0.0,1.9351190264832268,2245425.0727764266,12017215.982145332
42501369430000,13,13,13,1.0,0.0,2.02251120907216,2264511.144725089,12017666.461293414
42501369440000,2,1,1,0.5,-1.0,1.8826327752928231,2284740.765713793,12033699.936966704
42501369460000,2,2,2,1.0,0.0,181.21686398375937,2341465.6326632425,12055457.655676637
42501369470000,2,2,2,1.0,0.0,1.864724938160708,2283309.0764695853,12124203.05708145
42501369480000,1,1,1,1.0,0.0,181.73249386351773,2256670.2814390743,12069948.976524847
42501369490000,2,2,2,1.0,0.0,1.8515198770221786,2235828.48125491,12013107.57894342
42501369500000,4,4,4,1.0,0.0,1.8025663263642038,2235380.5121000176,12038160.5630029
42501369510000,8,8,8,1.0,0.0,0.6800894089874684,2253829.2116726786,12039982.895047285
42501369520000,4,4,3,1.0,0.0,271.68468898924226,2331455.844699356,11999761.309491456
42501369520100,5,5,5,1.0,0.0,271.04929689041444,2329461.015749716,11999859.937652256
42501369570000,8,8,11,1.0,0.0,182.124626552954,2244471.8073098334,12012762.161668472
42501369580000,3,3,3,1.0,0.0,89.16971959854381,2330215.3904910446,12013425.737856496
42501369590000,2,2,2,1.0,0.0,89.63979514847885,2330625.2426133566,12011521.592391912
42501369610000,6,6,6,1.0,0.0,1.4419757322632687,2259243.791122121,12033193.485957328
42501369620000,5,5,5,1.0,0.0,1.6225265450996231,2258239.98724177,12033359.2573089
42501369630000,5,5,5,1.0,0.0,181.4128595469316,2258929.660416198,12027809.15112853
42501369640100,1,1,1,1.0,0.0,180.49805333758687,2325981.756478425,12071314.655673489
42501369650000,5,5,5,1.0,0.0,181.94850523844326,2257763.7657069094,12027439.819064949
42501369670000,2,2,2,1.0,0.0,182.22652106785992,2319953.2734620934,12071218.34222133
42501369690000,6,6,6,1.0,0.0,181.91629840385536,2249596.615185879,12059211.425922405
42501369700000,8,8,8,1.0,0.0,181.96646991893428,2262091.946317048,12043554.486395342
42501369710000,7,7,7,1.0,0.0,181.54049480646566,2260639.090260879,12043538.963372812
42501369750000,3,3,2,1.0,0.0,182.01814412734348,2234803.862064164,12019215.929024907
42501369770000,6,6,6,1.0,0.0,181.85862837846554,2284976.8451995435,12028381.563854214
42501369790000,3,3,3,1.0,0.0,181.99779583576694,2274379.501126405,12024451.00992174
42501369810100,5,5,5,1.0,0.0,181.72830101374726,2286779.7801620513,12008364.411403477
42501369820000,9,9,9,1.0,0.0,1.935222788235395,2248057.433832038,12017276.436899954
42501369830000,9,9,9,1.0,0.0,178.87664570536387,2261328.9924675133,12005110.410224766
42501369840000,10,10,10,1.0,0.0,1.8016197512715215,2276805.119206386,12003062.091952384
42501369850000,9,9,9,1.0,0.0,181.89072886678005,2253039.2860211865,12017177.689753678
42501369870000,1,1,1,1.0,0.0,180.90924469052695,2247913.647917458,12105917.66589741
42501369880100,1,1,1,1.0,0.0,0.8992623224463618,2331055.813256548,12059723.067958888
42501369890000,1,1,1,1.0,0.0,183.6769736184042,2327917.637681653,12034477.71017414
42501369900000,5,6,6,1.2,1.0,1.4146715232523803,2246586.0675591053,12054072.076364033
42501369910000,5,5,5,1.0,0.0,10.39895103021331,2240736.912842439,12054150.586401897
42501369920000,5,5,5,1.0,0.0,1.7320462305305706,2239765.434702352,12054197.693766784
42501369930000,10,10,10,1.0,0.0,181.87694223681876,2256925.095779813,12004873.384806685
42501369940000,6,6,8,1.0,0.0,1.3198509525652589,2249713.1771419263,12034393.975006491
42501369950000,2,2,2,1.0,0.0,1.8122872109801746,2317069.469695073,12024002.227824286
42501369960000,5,5,5,1.0,0.0,181.3255351736476,2256579.1141780494,12053735.927743997
42501370020000,5,6,6,1.2,1.0,357.81385760352674,2246479.3725394337,12059253.144790605
42501370030000,10,10,7,1.0,0.0,0.04891128291828839,2250957.829193636,12005943.696886418
42501370040000,4,4,4,1.0,0.0,91.64221008362588,2323139.430523794,11990708.098268623
42501370050000,1,1,1,1.0,0.0,181.67106528608517,2259511.2057782253,12059343.184437385
42501370060000,5,4,4,0.8,-1.0,181.22985690922488,2255065.79829505,12053822.726592917
42501370080000,7,7,7,1.0,0.0,181.95387114741249,2245220.990610282,12011632.908824142
42501370090000,8,9,8,1.125,1.0,4.161243848966264,2253765.0230997475,12006676.537491407
42501370100000,1,1,1,1.0,0.0,1.6234349601276166,2235245.3543348582,11995993.615413345
42501370110000,5,5,5,1.0,0.0,181.6733983223778,2257062.074605375,12017215.312744014
42501370120000,4,4,4,1.0,0.0,182.00470859503548,2250128.505423674,11995848.108487647
42501370130000,1,1,1,1.0,0.0,2.0487128460308113,2295242.4016549117,12040704.275936078
42501370140000,6,6,6,1.0,0.0,178.10466288481405,2246535.69826095,12026241.419827864
42501370150000,4,4,4,1.0,0.0,181.86423953629904,2262614.075705029,12022449.597112395
42501370160000,2,2,2,1.0,0.0,183.322510171302,2343291.9617102984,12055881.27127018
42501370170000,8,8,8,1.0,0.0,181.96364695038739,2242497.312813103,12012644.6487192
42501370180000,1,1,1,1.0,0.0,181.1365057644374,2337888.9175050436,12054418.402712757
42501370190000,10,10,10,1.0,0.0,183.19104093646027,2250465.2932192637,12017116.351721942
42501370200000,5,5,5,1.0,0.0,181.90433906744315,2254905.4813311575,12059220.012545101
42501370210000,6,6,6,1.0,0.0,358.5973770646937,2245435.6562148845,12006549.310251283
42501370220000,7,7,7,1.0,0.0,356.99555017411274,2261250.352397996,12012221.24001828
42501370240000,6,6,6,1.0,0.0,181.94609051382798,2270720.347399478,12021070.302631328
42501370250000,7,7,7,1.0,0.0,0.4151878874935776,2252402.421613783,12033018.252734065
42501370270000,5,5,5,1.0,0.0,359.00015215899344,2238644.5363772307,12011791.677299254
42501370280000,3,3,3,1.0,0.0,181.3990304072076,2265621.9698000792,12054037.319471749
42501370290000,2,2,2,1.0,0.0,181.5733699138264,2263351.56004271,12054001.838589575
42501370300000,5,5,5,1.0,0.0,181.59813564815477,2235846.7431372534,12044558.680266062
42501370310000,7,7,7,1.0,0.0,181.7321532817344,2268330.3124169568,12021007.96516877
42501370320000,8,8,8,1.0,0.0,179.18670996504505,2247021.5956015447,12011472.238976713
42501370350000,2,2,2,1.0,0.0,182.10254267579327,2266134.6374803553,12033365.38991657
42501370360000,7,8,7,1.1428571428571428,1.0,358.0048765873561,2247238.1818957017,12017482.314601071
42501370370000,7,7,7,1.0,0.0,0.3263301502611535,2240755.582362228,12042245.990663534
42501370380000,9,9,9,1.0,0.0,181.78724539529782,2263821.077151044,12002546.481075548
42501370390000,3,3,3,1.0,0.0,2.032686511589367,2279441.612478551,12033474.119456686
42501370400000,2,2,2,1.0,0.0,181.41661008677568,2318100.0093897916,12071111.91009751
42501370410100,1,1,1,1.0,0.0,181.59164488873023,2330481.019018622,12071251.618755896
42501370430100,1,1,1,1.0,0.0,181.62646820186538,2323519.2088549524,12065817.773252022
42501370440000,6,6,6,1.0,0.0,181.86803896360442,2286469.3388319816,12028445.950477518
42501370460000,8,8,8,1.0,0.0,182.00523003145025,2241728.1270923642,12012804.263813764
42501370480000,9,8,8,0.8888888888888888,-1.0,181.7754430523423,2239882.969165531,12012791.192817414
42501370590000,6,6,6,1.0,0.0,181.82977586509114,2269839.131380661,12005207.66627842
42501370600000,3,3,3,1.0,0.0,181.34850334595043,2259592.9244392067,12053916.947748937
42501370610000,4,4,4,1.0,0.0,180.15813354192488,2258878.9662828594,12053904.310772065
42501370920000,7,6,6,0.8571428571428571,-1.0,181.04405187197867,2252411.923591308,12053762.210375797
42501370930000,2,2,2,1.0,0.0,0.8803240212791207,2311032.2092099413,12071571.36789462
42501370940000,5,5,5,1.0,0.0,4.134393514213713,2293397.6212823144,12018305.539387725
42501370960000,6,6,6,1.0,0.0,0.872980303291585,2245192.6908878405,12034185.13731775
42501370970000,6,6,6,1.0,0.0,1.0489988009874773,2251869.6745638843,12054137.363057166
42501370980000,6,7,7,1.1666666666666667,1.0,180.8722280899848,2268701.6284123026,12005171.274569899
42501370990000,3,3,3,1.0,0.0,271.76483876619517,2309919.3207235085,11978629.90736377
42501371000000,4,4,4,1.0,0.0,271.42520092868295,2311017.0628132606,11977308.213842738
42501371040000,5,5,5,1.0,0.0,182.82120001870584,2242116.736149703,12020648.002513561
42501371050000,3,3,3,1.0,0.0,1.8435373695004802,2292252.8491354403,12054931.85321527
42501371060000,4,4,3,1.0,0.0,88.27618289409307,2331180.1815473735,11998547.89103687
42501371090000,7,5,5,0.7142857142857143,-2.0,181.9620160292488,2237413.2954837023,12018225.479521543
42501371100000,3,3,3,1.0,0.0,1.865984720488096,2236554.2060095808,12024721.311607024
42501371110000,6,6,6,1.0,0.0,1.3363054930550762,2248281.558274676,12054080.928686574
42501371120000,6,6,6,1.0,0.0,182.16137789622056,2291997.088242852,12017869.08703003
42501371140000,7,7,7,1.0,0.0,183.55445189538878,2279307.0224663867,12028058.085348293
42501371150000,3,3,3,1.0,0.0,91.27773136791681,2322537.5148303704,11989595.772750333
42501371160000,4,4,4,1.0,0.0,269.81804317366664,2322680.9710706705,11992113.39200018
42501371170000,3,3,3,1.0,0.0,91.13371878920847,2322984.073324795,11992847.111369818
42501371240000,9,9,9,1.0,0.0,1.4037224153349985,2255476.1984081087,12043557.333466735
42501371250000,6,6,6,1.0,0.0,181.92760344925824,2290559.523239566,12087375.15006625
42501371260000,3,3,3,1.0,0.0,1.9522198511263484,2281387.253255749,12033536.767489623
42501371270000,7,7,7,1.0,0.0,181.70660145752805,2284430.5888625802,12008455.846932614
42501371280000,5,5,5,1.0,0.0,1.635192444893776,2291649.0772094233,12088588.915787155
42501371310000,1,1,1,1.0,0.0,2.8648105425801007,2281237.2834814787,12038791.704242017
42501371350000,5,5,5,1.0,0.0,181.87182130378838,2277506.748418191,12028321.5886794
42501371370000,6,6,6,1.0,0.0,181.8336129374589,2253279.300222162,12053820.621116482
42501371380000,6,6,6,1.0,0.0,181.15809006074252,2254173.626876691,12053828.12415979
42501371400000,10,10,10,1.0,0.0,181.7418060896163,2265791.5553368367,12002441.122001242
42501371410000,11,10,11,0.9090909090909091,-1.0,181.22758915034484,2262490.6921095992,12005046.022994973
42501371450000,9,9,9,1.0,0.0,181.16583391145298,2253360.1432075184,12001205.960348248
42501371460000,7,6,6,0.8571428571428571,-1.0,2.875804603744958,2246227.0050515374,12006500.314867886
42501371490000,10,10,10,1.0,0.0,181.5836336392881,2252360.484494118,12017089.548697675
42501371500000,9,9,9,1.0,0.0,1.3870999151062264,2256992.257493102,12012006.209419325
42501371510000,10,9,9,0.9,-1.0,3.1582100613275963,2248889.3914044998,12006547.822660655
42501371520000,13,13,13,1.0,0.0,1.5067174636424236,2265245.3055774495,12017488.090612235
42501371530000,5,5,5,1.0,0.0,1.3964664583205562,2256263.6024473775,12048892.536495227
42501371540000,6,6,6,1.0,0.0,1.9564879028914957,2244969.333847464,12006540.96060632
42501371550000,10,9,9,0.9,-1.0,181.9862748769169,2241155.9771987367,12012945.987125736
42501371560000,8,8,8,1.0,0.0,180.477061126881,2240388.8193423827,12012893.274183955
42501371570000,8,8,8,1.0,0.0,1.7344413924760673,2246738.6321446234,12017460.113829525
42501371580000,10,9,9,0.9,-1.0,178.96385978005833,2251189.14410271,12018017.880978785
42501371580100,10,9,9,0.9,-1.0,178.89440207960232,2251210.2011038302,12017022.150095358
42501371590000,7,7,7,1.0,0.0,181.68283243308218,2254343.572971363,12017113.700721942
42501371600000,9,9,9,1.0,0.0,358.718939769269,2245909.317324829,12017457.98437139
42501371610000,9,10,10,1.1111111111111112,1.0,2.086435606569476,2258817.8541876404,12011893.07742529
42501371620000,9,9,9,1.0,0.0,1.8928298858736312,2258177.453057809,12011873.363200927
42501371630000,9,9,9,1.0,0.0,1.8260318512112912,2259950.6151027074,12011931.180878494
42501371680000,5,6,5,1.2,1.0,1.8130705536880605,2249245.233148021,12059376.64680453
42501371710000,6,6,6,1.0,0.0,2.6674765297895724,2247589.848438398,12059457.3727936
42501371740000,9,9,9,1.0,0.0,179.03502399417238,2253835.2559700143,12017082.485913558
42501371750000,9,9,9,1.0,0.0,181.76264165020413,2254674.8295657486,12001253.730083339
42501371760000,6,6,6,1.0,0.0,182.0794221995551,2251340.434633425,12001177.675065791
42501371790000,6,6,6,1.0,0.0,3.8093074763532084,2245836.2780178227,12042255.77118462
42501371800000,5,5,7,1.0,0.0,2.2430280566139396,2248817.1278561885,12034303.29274064
42501371820000,7,7,7,1.0,0.0,1.797133019980677,2272208.505319171,12003149.568635534
42501371830000,9,9,9,1.0,0.0,1.6368577246649743,2254836.2604251057,12007003.58715866
42501371840000,9,9,9,1.0,0.0,1.358153330479849,2254189.144521534,12007086.925819986
42501371850000,10,10,10,1.0,0.0,1.9845702998775143,2252210.8380512814,12007039.279695753
42501371870000,5,5,5,1.0,0.0,181.89468109131545,2275886.828793751,12024444.622507898
42501371880000,8,8,8,1.0,0.0,181.55763831798902,2254113.4662779057,12001367.77205542
42501371890000,6,6,6,1.0,0.0,181.93090230463423,2266550.9170852676,11998300.45699016
42501371900000,10,8,8,0.8,-2.0,358.86114324726975,2248551.0155967562,12017366.930416368
42501371910000,8,7,7,0.875,-1.0,182.321789489152,2246043.217407781,12012566.375123184
42501371910100,8,8,8,1.0,0.0,179.24205151725877,2246160.49061106,12011607.312875176
42501371920000,9,9,9,1.0,0.0,2.044749042044868,2249531.007491773,12017328.642457163
42501371930000,3,3,3,1.0,0.0,182.44173587229952,2236081.521847577,12019536.883090701
42501371940000,6,6,6,1.0,0.0,182.0917478741978,2250227.243716279,12059313.970379611
42501371950000,6,6,6,1.0,0.0,1.3159074976534648,2244764.2956986176,12053973.394266896
42501371970000,9,9,9,1.0,0.0,1.5284507628025705,2256084.237148938,12043587.369827636
42501371980000,7,7,7,1.0,0.0,1.8736437044627152,2282259.0494219125,12023460.870982934
42501371990000,8,8,8,1.0,0.0,181.7835031361307,2258494.029875546,12004906.73393004
42501372000000,9,8,9,0.8888888888888888,-1.0,181.84393157696195,2259826.477133438,12005088.715485297
42501372010000,7,7,8,1.0,0.0,182.02295511923202,2243155.8086248273,12012743.903913222
42501372020000,9,8,9,0.8888888888888888,-1.0,182.12465748796396,2243827.555507465,12012525.253949031
42501372030000,5,5,5,1.0,0.0,181.96841994835125,2291885.4541856875,12088623.446956635
42501372040000,1,1,1,1.0,0.0,1.704003357102886,2294489.7654011995,12076255.788037851
42501372080000,5,6,6,1.2,1.0,4.976578318817847,2240927.476445345,12059293.798418984
42501372100000,4,4,4,1.0,0.0,270.94947341413655,2310779.691993136,11976348.678584207
42501372110000,3,3,3,1.0,0.0,271.6204887864108,2310694.901888218,11975196.917618733
42501372160000,1,1,1,1.0,0.0,1.6606649083450669,2320727.642084428,12089288.41231361
42501372170000,6,6,6,1.0,0.0,1.3372706114398067,2250051.338139031,12054062.885757808
42501372180000,7,7,7,1.0,0.0,1.3404488098619498,2240851.1603612895,12034198.39913079
42501372190000,8,7,7,0.875,-1.0,1.401702629746607,2239888.973089433,12034213.259952376
42501372360000,6,6,6,1.0,0.0,181.93385647204954,2286017.002680468,12008584.115831573
42501372380000,6,6,7,1.0,0.0,1.3217257241088753,2247933.0870643174,12034338.255407605
42501372390000,5,5,5,1.0,0.0,183.1066254192566,2286550.1604281436,12016544.575515065
42501372400000,12,12,13,1.0,0.0,181.8673189283428,2266403.525215649,12005111.407583576
42501372410000,8,8,8,1.0,0.0,1.1941809381533295,2236147.9594549364,12052531.79051582
42501372420000,5,5,5,1.0,0.0,181.93704796092615,2287284.9734736215,12016532.505412415
42501372430000,7,7,7,1.0,0.0,1.886141555765993,2274825.1805836875,12003098.50386862
42501372530000,5,5,5,1.0,0.0,1.4750587584291082,2239368.2244859366,12059188.929146307
42501372540000,5,5,4,1.0,0.0,359.7272277437543,2234582.646482488,12037899.48750683
42501372560000,10,10,10,1.0,0.0,181.70420455768388,2264477.020315006,12002555.115169894
42501372570000,10,10,10,1.0,0.0,181.83138288447893,2265120.6649318757,12002399.835741635
42501372580000,3,3,3,1.0,0.0,178.93536586372844,2249620.3988421704,11995931.865888784
42501372610000,12,12,12,1.0,0.0,181.7837035371066,2263065.4045851594,12005410.248507638
42501372620000,13,15,9,1.1538461538461537,2.0,181.88350346467078,2261837.6418680144,12007620.011813749
42501372620100,11,11,11,1.0,0.0,178.8767821634903,2262008.113564692,12005377.375423197
42501372630000,5,5,5,1.0,0.0,1.609303903687283,2236821.115668298,12053831.139109062
42501372640000,6,6,6,1.0,0.0,1.244814325840776,2238735.729315909,12053896.642492954
42501372660000,6,6,6,1.0,0.0,178.63232465426185,2261436.122699516,12038488.090226
42501372690000,2,2,2,1.0,0.0,1.1451578295192082,2312329.70735642,12071522.450471364
42501372760000,7,7,7,1.0,0.0,0.1473992682492979,2237935.4673164645,12048585.966552459
42501372770000,6,6,6,1.0,0.0,181.60408314669317,2292789.05906321,12087512.382197998
42501372780000,7,7,7,1.0,0.0,181.3698374586039,2258904.2238407517,12038461.937999398
42501372830000,6,6,6,1.0,0.0,1.9145800447171435,2254195.797995828,12032995.314314026
42501372840000,6,6,6,1.0,0.0,1.087585894752402,2237651.3269895203,12053899.85014427
42501372850000,7,7,7,1.0,0.0,2.479102020916853,2235090.7671975708,12052452.207694868
42501372860000,5,5,5,1.0,0.0,358.1874698952254,2234021.949492261,12052495.419317547
42501372870000,7,7,7,1.0,0.0,181.69011898345812,2282907.694792198,12008379.923522009
42501372880000,4,4,4,1.0,0.0,1.9791251984948801,2271809.894997133,12018081.402055744
42501372890000,5,5,5,1.0,0.0,181.66761919884306,2283941.771724123,12016469.032780781
42501372900000,3,3,3,1.0,0.0,1.892369469826496,2242998.6883689696,12006441.699367069
42501372910000,6,6,6,1.0,0.0,1.421995500901482,2238801.9829850383,12048490.347545803
42501372920000,4,4,4,1.0,0.0,182.71693341921383,2271082.599599422,11997600.58503166
42501372930000,7,7,7,1.0,0.0,4.374975560136735,2263014.942879373,12043707.693845076
42501372940000,7,7,7,1.0,0.0,359.74411700172726,2261740.824660102,12043768.60376092
42501372950000,6,6,6,1.0,0.0,2.072157595645518,2244659.5112274936,12059371.284362797
42501372960000,9,10,10,1.1111111111111112,1.0,181.85835450603483,2267531.264068581,12005188.625231579
42501372970000,6,6,6,1.0,0.0,1.3050757519763818,2243944.363106366,12059299.41577265
42501373000000,2,2,2,1.0,0.0,1.7782771549001113,2288180.9174221247,12093417.481694777
42501373010000,6,6,6,1.0,0.0,181.18292012745215,2281694.650673949,12001680.797419066
42501373020000,6,6,6,1.0,0.0,178.41277942964345,2280315.497552153,12001664.134662174
42501373030000,1,1,1,1.0,0.0,1.8532492666031037,2291521.5052052196,12094829.3601598
42501373040000,5,5,5,1.0,0.0,180.8963099714298,2278699.765121834,12001647.499361156
42501373050000,7,7,7,1.0,0.0,181.124890586346,2277183.0158755397,12001643.334305055
42501373060000,5,5,5,1.0,0.0,180.26923727753578,2237742.0922484286,12043275.404542768
42501373070000,4,4,4,1.0,0.0,181.33972786049577,2236896.414913822,12043319.65833086
42501373090000,5,5,5,1.0,0.0,181.35898008566437,2234798.507746175,12059056.866555288
42501373100000,3,3,3,1.0,0.0,181.59757271698527,2233828.517203368,12059119.342955794
42501373110000,6,6,6,1.0,0.0,0.9875748936933093,2250922.9143625456,12054150.880088976
42501373120000,6,6,6,1.0,0.0,178.1360159516218,2250848.9967176924,12027666.266225344
42501373180100,4,3,3,0.75,-1.0,181.25494788215613,2240726.935617169,12064600.450287286
42501373190000,4,3,5,0.75,-1.0,181.9342632065365,2271555.0146060293,12010917.390941871
42501373260000,10,10,12,1.0,0.0,1.295187384054337,2264156.785413334,12010802.036219321
42501373390000,6,6,6,1.0,0.0,181.79354795307736,2251233.721521266,12059356.682496805
42501373400000,7,7,7,1.0,0.0,359.71310418456244,2237081.724018974,12048622.588449346
42501373410000,6,5,5,0.8333333333333334,-1.0,3.2371747110882945,2240103.975339086,12059210.604550706
42501373420000,5,5,5,1.0,0.0,181.67121965661576,2290572.307887663,12016497.137331404
42501373430000,10,10,10,1.0,0.0,2.1819249860136343,2251547.387874124,12007002.129329454
42501373440000,4,4,4,1.0,0.0,6.614759073320701,2236207.2071940796,12037899.796074985
42501373460000,5,6,6,1.2,1.0,3.6906847058457495,2247341.0183348954,12054030.803790024
42501373470000,6,6,6,1.0,0.0,356.0294562645313,2245572.8847267656,12054017.508750904
42501373500000,1,1,1,1.0,0.0,1.7722770119768252,2299012.700362498,12076603.962131046
42501373510000,6,6,6,1.0,0.0,1.2672243579061775,2242972.6526306355,12059266.504631728
42501373520000,6,6,6,1.0,0.0,357.46818742061373,2242169.1645345422,12059292.233006384
42501373530000,7,8,8,1.1428571428571428,1.0,1.9849779636791818,2247948.723522839,12011750.613031453
42501373540000,2,2,2,1.0,0.0,181.82761267672487,2288740.2770983204,12087368.174805082
42501373550000,8,8,8,1.0,0.0,2.2073738434110557,2249409.3256367818,12011977.319531195
42501373560000,8,8,8,1.0,0.0,2.538784441579025,2250117.409960773,12011901.554854102
42501373570000,3,3,3,1.0,0.0,1.8500149239466077,2286225.8194323517,12023588.30577951
42501373580000,9,9,9,1.0,0.0,2.5434798968234307,2281918.29268109,12008540.669435844
42501373600000,9,8,8,0.8888888888888888,-1.0,180.99033387677872,2255059.522782966,12011914.526125398
42501373610000,8,8,8,1.0,0.0,182.9591889575315,2254494.0085369106,12011896.066893175
42501373620000,8,8,8,1.0,0.0,181.82595601529792,2253784.4916243474,12011747.484165546
42501373630000,8,8,8,1.0,0.0,181.95361780433723,2253144.1814428503,12011776.48494308
42501373640000,4,4,4,1.0,0.0,182.02026098472243,2250801.897474788,11995661.535030574
42501373650000,10,10,10,1.0,0.0,1.9759592315777041,2249577.050476912,12006617.4498631
42501373660000,9,9,9,1.0,0.0,2.0702284064411427,2250212.4995368756,12006607.250058793
42501373680100,6,6,6,1.0,0.0,181.87320029782782,2236349.0610629725,12064485.312487107
42501373690000,6,5,6,0.8333333333333334,-1.0,181.79528615968928,2253117.3629702427,12060618.204424575
42501373700000,6,6,7,1.0,0.0,181.8415792269391,2252112.8982410533,12060660.78852433
42501373710000,12,12,12,1.0,0.0,358.9988363161832,2263757.3615407534,12017496.275534172
42501373720000,7,7,7,1.0,0.0,2.1315702115809207,2273519.6651621726,12003137.379371211
42501373740000,1,1,1,1.0,0.0,181.24045595359476,2243555.515623631,12064621.21904362
42501373750000,8,8,8,1.0,0.0,1.7669238010142936,2279346.570938684,12008450.755866325
42501373760000,5,5,5,1.0,0.0,182.17344496205374,2270047.130184762,11997659.365864128
42501373780000,7,7,7,1.0,0.0,1.7090074715855428,2261829.79411411,12033251.88449996
42501373790000,6,6,6,1.0,0.0,181.54224756269375,2261627.333994029,12027782.164257027
42501373800000,3,2,2,0.6666666666666666,-1.0,182.00543260413713,2274209.4103343417,12010816.987210345
42501373810000,6,6,6,1.0,0.0,181.95432766632112,2288608.6758564385,12016452.191805767
42501373820000,6,6,6,1.0,0.0,1.6040543529829507,2240408.3141412735,12048626.656159515
42501373860000,5,4,4,0.8,-1.0,181.84510750476483,2255777.928166614,12059328.24627982
42501373870000,4,4,4,1.0,0.0,181.7053617672616,2256705.3275386663,12059394.98693104
42501373880000,6,6,6,1.0,0.0,1.8769870417491312,2267489.459816294,12028249.666144859
42501373890000,5,5,5,1.0,0.0,1.6475971013733954,2268293.115700514,12028361.693379823
42501373900000,5,5,5,1.0,0.0,359.251447446084,2259109.058373753,12049020.11814576
42501373910000,3,3,3,1.0,0.0,181.97804755748004,2291091.353532467,12024623.179838352
42501373920000,10,10,10,1.0,0.0,2.0136159948971972,2262614.6373004722,12017440.799350105
42501373930000,10,10,10,1.0,0.0,1.75057646202095,2261941.6840324514,12017413.077180205
42501373940000,6,6,6,1.0,0.0,178.98379278651015,2288332.8009277703,12008577.03724214
42501373950000,7,7,7,1.0,0.0,358.84923565522627,2253891.5252627293,12047661.175109595
42501373960000,6,6,6,1.0,0.0,0.2253523651259302,2260187.099802624,12043645.716977552
42501373970000,6,6,6,1.0,0.0,359.95101887288416,2264417.0253198287,12043942.450160792
42501373980000,6,6,6,1.0,0.0,357.5103396586701,2258310.622259697,12049034.970656026
42501374010000,6,6,6,1.0,0.0,1.2752077472166088,2234063.697412623,12064412.10972057
42501374020000,7,7,7,1.0,0.0,181.6121750836547,2248613.561265602,12026349.701083641
42501374030000,6,7,7,1.1666666666666667,1.0,358.3434799931321,2235048.9520657444,12064337.492123649
42501374040000,9,9,10,1.0,0.0,181.91701678659723,2252622.4035572405,11999987.33571043
42501374050000,2,2,2,1.0,0.0,1.8313536646220494,2286385.7033132026,12095466.482073825
42501374060000,8,8,8,1.0,0.0,0.8646509368946637,2247040.2952866624,12006563.920338698
42501374070000,9,9,9,1.0,0.0,1.8814279609289832,2247589.154281943,12006678.60662698
42501374080000,4,4,5,1.0,0.0,181.95818073865522,2272893.778625329,12010861.369623676
42501374090000,9,9,9,1.0,0.0,1.2265996440354983,2280675.6759426203,12008652.373809863
42501374100000,7,6,6,0.8571428571428571,-1.0,183.28827756463738,2237412.7358831493,12059204.738897625
42501374110000,7,7,7,1.0,0.0,181.8071058810521,2238195.230414086,12059204.435410392
42501374120000,7,7,7,1.0,0.0,1.8444647763811306,2278027.805757315,12008556.964687236
42501374130000,7,6,6,0.8571428571428571,-1.0,181.69390022317083,2238057.030408336,12064445.198945288
42501374140000,7,7,7,1.0,0.0,182.49141766491903,2237239.668351645,12064526.632096682
42501374150000,8,8,8,1.0,0.0,2.015941143076122,2266688.8655849933,12013509.365321234
42501374160000,4,4,4,1.0,0.0,182.02481577377654,2285308.949479175,12016416.29823393
42501374180000,6,6,6,1.0,0.0,3.419469177307964,2246001.6966846203,12034149.770175887
42501374190000,7,7,7,1.0,0.0,0.2369615745151751,2235537.2284332523,12064471.013201926
42501374200000,6,6,6,1.0,0.0,1.8701675761172574,2287456.0074967183,12031819.374202155
42501374210000,6,6,6,1.0,0.0,3.7171261194876895,2285941.73836999,12028376.350535985
42501374220000,6,6,6,1.0,0.0,2.0678540135412953,2284500.9788354216,12028497.4863128
42501374230000,6,6,6,1.0,0.0,1.6617803037051435,2268941.1412409414,12028177.508898798
42501374240000,5,5,5,1.0,0.0,1.7384575785318284,2269918.176818817,12028141.812567422
42501374250000,6,6,6,1.0,0.0,181.79878224671666,2235804.64497931,12059153.861626849
42501374260000,5,5,5,1.0,0.0,1.7765971066094601,2241747.8511023195,12053923.239909578
42501374270000,6,6,6,1.0,0.0,180.45643774195852,2256628.1188804777,12038356.065587137
42501374280000,9,9,9,1.0,0.0,181.9517931307317,2266853.61362505,12021244.854975946
42501374290000,7,7,7,1.0,0.0,181.87639123407106,2267591.4000531556,12021299.834375892
42501374300000,3,3,3,1.0,0.0,181.71356245311569,2289788.745595321,12024447.485718714
42501374310000,5,5,5,1.0,0.0,182.99185647520275,2288557.4535184857,12024485.104451824
42501374320000,5,5,5,1.0,0.0,181.48514391320896,2236566.156300852,12059145.505783953
42501374360000,7,7,8,1.0,0.0,181.74072771598637,2283637.1636178857,12007605.379175765
42501374370000,9,9,8,1.0,0.0,181.70419014896711,2267028.632839172,12008378.161500894
42501374370100,11,11,11,1.0,0.0,182.0290714360015,2266957.5208104593,12005586.702326817
42501374430000,7,7,7,1.0,0.0,359.9407613534157,2256724.6461684927,12043705.888781948
42501374440000,5,5,5,1.0,0.0,180.3935870161802,2239801.716250864,12064507.139500003
42501374450000,7,7,7,1.0,0.0,175.7393730349199,2243345.3876668485,12034123.882009272
42501374460000,5,5,5,1.0,0.0,178.42527613041534,2239139.5282526044,12064518.497003507
42501374470100,5,5,5,1.0,0.0,179.438228669861,2263963.997764174,12049057.36706346
42501374620000,10,9,11,0.9,-1.0,358.75101099422193,2265215.4469578573,12010809.253209107
42501374650000,7,7,7,1.0,0.0,181.86023287019682,2263082.618731276,12027831.590274556
42501374660000,6,6,6,1.0,0.0,181.47525944661513,2264375.098994797,12027783.897184439
42501374670000,5,5,5,1.0,0.0,179.04737114778058,2263345.080960039,12038329.607493201
42501374680000,3,3,3,1.0,0.0,179.06245833080888,2264336.2247606153,12038342.053158823
42501374690000,7,7,7,1.0,0.0,2.1883552585754944,2243388.607600265,12042106.445799423
42501374700000,3,3,4,1.0,0.0,2.0508495206398893,2271331.3352195253,12013722.20305669
42501374710000,4,3,3,0.75,-1.0,358.75289001051317,2248957.279134704,12064800.902529873
42501374730000,3,3,3,1.0,0.0,1.5950723421538788,2248214.267330435,12064945.888476346
42501374750000,7,7,9,1.0,0.0,358.96231294921284,2265851.660488124,12010866.037812524
42501374760000,8,8,8,1.0,0.0,358.02875813340336,2251421.616697342,12039619.480248328
42501374770000,6,6,6,1.0,0.0,0.9511071973017053,2248616.290535466,12048787.696026549
42501374780000,3,3,3,1.0,0.0,1.5703434612787612,2247291.5769208046,12064922.936434215
42501374790000,9,9,9,1.0,0.0,358.4566961569588,2281077.105159077,12008531.690511012
42501374880000,6,6,6,1.0,0.0,358.8163136852526,2245576.9897592,12059460.094580669
42501374900000,6,6,7,1.0,0.0,359.844104876803,2251172.0875575673,12047571.436440375
42501374940000,2,2,2,1.0,0.0,359.10793869219646,2252318.833879059,12068916.855122307
42501374970000,5,5,5,1.0,0.0,178.86896020790172,2287668.6745389933,12008560.612391386
42501374980000,3,3,3,1.0,0.0,358.79868496262077,2289228.736537153,12031737.322991677
42501374990000,3,3,3,1.0,0.0,358.4740259240605,2289932.2262942153,12031771.136609461
42501375020000,2,2,2,1.0,0.0,88.95065965560855,2338584.9772316124,12001914.857499558
42501375040000,2,2,2,1.0,0.0,89.04869399359393,2338692.674848716,12004078.089682568
42501375060000,4,4,4,1.0,0.0,358.98288190139004,2295023.9415272726,12017992.067943573
42501375070000,4,4,4,1.0,0.0,359.1835132824837,2295760.06271518,12018029.20519746
42501375130000,7,7,7,1.0,0.0,359.1930667194282,2279735.222708769,12008400.837217247
42501375140000,8,7,7,0.875,-1.0,358.5720815145126,2278472.5994428257,12008372.045279654
42501375150000,6,6,6,1.0,0.0,178.86753874899517,2289509.917209123,12016606.038114183
42501375160000,5,5,5,1.0,0.0,178.9594803262279,2290177.3739300407,12016468.94113579
42501375170000,5,5,5,1.0,0.0,359.08975771953027,2263199.5664149523,12033449.072165672
42501375180000,5,5,5,1.0,0.0,358.8723362763426,2264306.627793787,12033404.372983294
42501375190000,6,6,6,1.0,0.0,178.93176634651238,2267463.686048874,11998230.961516906
42501375200000,5,5,5,1.0,0.0,178.73916385103905,2268127.444765631,11998259.49228783
42501375210000,2,2,2,1.0,0.0,179.9022940237526,2246921.603083314,12001126.210145695
42501375250000,5,6,6,1.2,1.0,358.8847043384335,2283436.090529117,12023054.819942152
42501375260000,6,6,6,1.0,0.0,358.9924487470298,2282779.800732297,12023047.567713488
42501375270000,6,6,6,1.0,0.0,358.7627796743398,2284107.8726917924,12023086.944042467
42501375310000,8,7,7,0.875,-1.0,358.7348610688179,2262542.8907944355,12012094.356248746
42501375320000,7,7,7,1.0,0.0,0.06729306400263715,2263146.5997457514,12012140.471456248
42501375330000,1,1,1,1.0,0.0,359.3155372866482,2294212.9504501754,12012639.733065821
42501375340000,1,1,1,1.0,0.0,179.55795503033028,2353652.822549196,12061311.249926098
42501375350000,8,8,8,1.0,0.0,359.02055463652295,2275905.637234864,12003153.223388053
42501375360000,6,6,6,1.0,0.0,358.7574165399674,2275281.198794712,12001741.548939258
42501375540000,12,12,13,1.0,0.0,178.9516886791019,2256585.8139788713,12005284.549394222
42501375570000,3,3,3,1.0,0.0,178.77921496363197,2290997.5373335117,12007209.025065549
42501375580000,4,4,4,1.0,0.0,178.72961625605168,2290339.8506934,12007193.386694068
42501375700000,1,1,1,1.0,0.0,359.79524381753197,2306002.3453692794,12014802.929330613
42501375730000,5,5,5,1.0,0.0,178.9409820343599,2280260.729720607,12016398.039945282
42501375740000,5,5,5,1.0,0.0,178.9435400194292,2280913.4263089914,12016340.731634269
42501375840000,1,1,1,1.0,0.0,178.39588807579634,2307714.200127532,12008205.642081529
42501375920000,7,7,9,1.0,0.0,177.8728791748046,2282548.8544390155,12007631.222925367
42501375950000,1,1,1,1.0,0.0,179.0868404817433,2320413.288130716,11981403.309474345
42501375980000,9,9,9,1.0,0.0,178.89921469693672,2252630.1495640376,12011747.630656065
42501375990000,9,9,9,1.0,0.0,178.77930258258047,2251972.590502037,12011731.228042785
42501376000000,9,9,9,1.0,0.0,178.92302970993438,2251308.889282572,12011751.110585801
42501376010000,5,7,5,1.4,2.0,62.09779819644734,2283246.05085044,12002163.347485363
42501376030000,13,13,16,1.0,0.0,178.86596362599033,2250667.327306946,12011050.018476529
42501376040000,11,11,13,1.0,0.0,358.8791744238573,2264542.4943194557,12010791.444556292
42501376070000,12,12,12,1.0,0.0,0.20432937038756468,2280778.0814453163,12025637.708230749
42501376080000,10,10,10,1.0,0.0,0.16881636038021264,2280074.568897672,12025632.27669191
42501376090000,5,5,5,1.0,0.0,358.9578364714234,2282247.570354324,12016517.939209662
42501376100000,5,5,5,1.0,0.0,358.6574319432268,2279242.910031924,12022943.640269222
42501376110000,6,6,6,1.0,0.0,178.31133678502775,2278019.870283338,12001682.384287436
